id,suicides_no
18083,5
18084,8
18085,34
18086,11
18087,18
18088,31
18089,9
18090,7
18091,6
18092,1
18093,4
18094,0
18095,23
18096,14
18097,43
18098,8
18099,32
18100,9
18101,8
18102,8
18103,7
18104,6
18105,1
18106,3
18107,7
18108,8
18109,14
18110,31
18111,14
18112,43
18113,5
18114,6
18115,7
18116,1
18117,4
18118,3
18119,5
18120,8
18121,27
18122,53
18123,33
18124,17
18125,8
18126,7
18127,1
18128,4
18129,0
18130,27
18131,5
18132,8
18133,27
18134,75
18135,37
18136,20
18137,8
18138,6
18139,7
18140,0
18141,0
18142,27
18143,7
18144,8
18145,39
18146,66
18147,18
18148,15
18149,6
18150,8
18151,7
18152,6
18153,0
18154,0
18155,18
18156,8
18157,47
18158,20
18159,39
18160,36
18161,10
18162,6
18163,6
18164,0
18165,7
18166,4
18167,7
18168,8
18169,75
18170,24
18171,47
18172,31
18173,10
18174,7
18175,7
18176,7
18177,0
18178,0
18179,19
18180,8
18181,102
18182,31
18183,42
18184,39
18185,9
18186,4
18187,6
18188,0
18189,0
18190,6
18191,27
18192,8
18193,39
18194,51
18195,32
18196,39
18197,9
18198,7
18199,6
18200,0
18201,0
18202,27
18203,7
18204,7
18205,48
18206,75
18207,30
18208,38
18209,5
18210,8
18211,7
18212,6
18213,0
18214,4
18215,5
18216,41
18217,9
18218,92
18219,20
18220,19
18221,6
18222,5
18223,8
18224,0
18225,0
18226,6
18227,21
18228,0
18229,30
18230,28
18231,22
18232,5
18233,4
18234,5
18235,4
18236,0
18237,0
18238,2
18239,11
18240,37
18241,21
18242,4
18243,31
18244,3
18245,5
18246,5
18247,5
18248,1
18249,0
18250,2
18251,0
18252,9
18253,58
18254,32
18255,4
18256,9
18257,7
18258,3
18259,3
18260,0
18261,2
18262,2
18263,2
18264,1
18265,5
18266,7
18267,7
18268,1
18269,9
18270,1
18271,5
18272,2
18273,1
18274,0
18275,10
18276,8
18277,8
18278,1
18279,14
18280,1
18281,0
18282,5
18283,2
18284,0
18285,15
18286,7
18287,1
18288,1
18289,5
18290,2
18291,10
18292,13
18293,2
18294,5
18295,5
18296,0
18297,15
18298,9
18299,0
18300,7
18301,1
18302,8
18303,8
18304,4
18305,0
18306,1
18307,6
18308,3
18309,1
18310,0
18311,10
18312,1
18313,8
18314,7
18315,11
18316,4
18317,5
18318,5
18319,1
18320,4
18321,1
18322,1
18323,0
18324,2
18325,9
18326,1
18327,7
18328,15
18329,0
18330,7
18331,1
18332,0
18333,7
18334,7
18335,21
18336,11
18337,2
18338,18
18339,5
18340,10
18341,0
18342,8
18343,6
18344,1
18345,0
18346,2
18347,2
18348,4
18349,6
18350,0
18351,0
18352,15
18353,2
18354,0
18355,1
18356,0
18357,2
18358,4
18359,6
18360,1
18361,7
18362,1
18363,13
18364,11
18365,0
18366,4
18367,1
18368,0
18369,5
18370,5
18371,5
18372,1
18373,13
18374,0
18375,5
18376,12
18377,3
18378,1
18379,1
18380,1
18381,4
18382,5
18383,0
18384,1
18385,7
18386,1
18387,16
18388,16
18389,1
18390,1
18391,0
18392,0
18393,3
18394,16
18395,2
18396,6
18397,15
18398,0
18399,0
18400,18
18401,0
18402,1
18403,4
18404,0
18405,4
18406,5
18407,9
18408,0
18409,10
18410,5
18411,0
18412,7
18413,5
18414,5
18415,1
18416,0
18417,13
18418,5
18419,0
18420,1
18421,8
18422,0
18423,14
18424,16
18425,2
18426,3
18427,7
18428,1
18429,4
18430,3
18431,0
18432,8
18433,1
18434,1
18435,12
18436,17
18437,3
18438,4
18439,0
18440,1
18441,4
18442,8
18443,4
18444,1
18445,6
18446,7
18447,2
18448,15
18449,5
18450,8
18451,4
18452,0
18453,5
18454,8
18455,0
18456,1
18457,10
18458,0
18459,15
18460,13
18461,2
18462,7
18463,3
18464,0
18465,2
18466,0
18467,8
18468,6
18469,8
18470,0
18471,11
18472,1
18473,0
18474,4
18475,2
18476,0
18477,7
18478,16
18479,3
18480,7
18481,6
18482,3
18483,13
18484,1
18485,2
18486,3
18487,4
18488,0
18489,16
18490,7
18491,0
18492,1
18493,7
18494,2
18495,9
18496,14
18497,0
18498,5
18499,6
18500,0
18501,6
18502,3
18503,16
18504,1
18505,12
18506,7
18507,8
18508,0
18509,5
18510,5
18511,1
18512,6
18513,0
18514,0
18515,13
18516,2
18517,6
18518,10
18519,1
18520,16
18521,7
18522,2
18523,0
18524,0
18525,16
18526,7
18527,1
18528,6
18529,1
18530,7
18531,15
18532,14
18533,0
18534,6
18535,6
18536,0
18537,15
18538,7
18539,5
18540,1
18541,11
18542,8
18543,7
18544,9
18545,7
18546,1
18547,6
18548,12
18549,0
18550,3
18551,6
18552,1
18553,5
18554,6
18555,18
18556,1
18557,6
18558,6
18559,1
18560,6
18561,1
18562,7
18563,1
18564,0
18565,2
18566,1
18567,2
18568,5
18569,9
18570,1
18571,8
18572,0
18573,5
18574,19
18575,0
18576,2
18577,0
18578,0
18579,5
18580,17
18581,4
18582,2
18583,3
18584,1
18585,5
18586,0
18587,20
18588,0
18589,15
18590,1
18591,0
18592,1
18593,20
18594,6
18595,6
18596,0
18597,1
18598,5
18599,18
18600,0
18601,0
18602,0
18603,3
18604,16
18605,5
18606,18
18607,4
18608,0
18609,5
18610,1
18611,18
18612,0
18613,6
18614,2
18615,1
18616,15
18617,0
18618,3
18619,5
18620,1
18621,5
18622,6
18623,19
18624,2
18625,1
18626,1
18627,17
18628,4
18629,8
18630,4
18631,2
18632,0
18633,4
18634,22
18635,0
18636,2
18637,0
18638,3
18639,0
18640,17
18641,10
18642,3
18643,4
18644,0
18645,6
18646,18
18647,4
18648,0
18649,19
18650,6
18651,17
18652,6
18653,4
18654,2
18655,4
18656,1
18657,2
18658,19
18659,0
18660,2
18661,0
18662,22
18663,4
18664,18
18665,4
18666,2
18667,6
18668,0
18669,5
18670,0
18671,203
18672,194
18673,155
18674,51
18675,191
18676,18
18677,4
18678,14
18679,9
18680,32
18681,10
18682,6
18683,1
18684,5
18685,53
18686,195
18687,169
18688,197
18689,51
18690,1
18691,25
18692,10
18693,7
18694,11
18695,198
18696,48
18697,218
18698,34
18699,199
18700,175
18701,27
18702,5
18703,10
18704,1
18705,12
18706,6
18707,13
18708,186
18709,51
18710,219
18711,207
18712,51
18713,37
18714,6
18715,1
18716,10
18717,8
18718,12
18719,196
18720,5
18721,52
18722,203
18723,63
18724,185
18725,199
18726,23
18727,3
18728,36
18729,7
18730,12
18731,196
18732,203
18733,187
18734,230
18735,64
18736,5
18737,69
18738,27
18739,10
18740,39
18741,9
18742,3
18743,3
18744,5
18745,229
18746,60
18747,217
18748,40
18749,169
18750,182
18751,29
18752,71
18753,8
18754,7
18755,2
18756,6
18757,207
18758,58
18759,182
18760,46
18761,226
18762,25
18763,28
18764,10
18765,1
18766,3
18767,43
18768,6
18769,61
18770,182
18771,46
18772,197
18773,196
18774,26
18775,53
18776,72
18777,8
18778,3
18779,1
18780,6
18781,208
18782,213
18783,175
18784,76
18785,49
18786,10
18787,63
18788,31
18789,3
18790,12
18791,1
18792,12
18793,189
18794,84
18795,151
18796,229
18797,31
18798,23
18799,12
18800,41
18801,12
18802,3
18803,1
18804,16
18805,185
18806,104
18807,145
18808,231
18809,27
18810,8
18811,46
18812,23
18813,1
18814,6
18815,213
18816,17
18817,101
18818,171
18819,167
18820,225
18821,28
18822,19
18823,52
18824,13
18825,6
18826,3
18827,1
18828,15
18829,199
18830,166
18831,106
18832,210
18833,27
18834,3
18835,28
18836,12
18837,8
18838,9
18839,218
18840,14
18841,193
18842,155
18843,171
18844,108
18845,35
18846,21
18847,49
18848,13
18849,3
18850,6
18851,2
18852,16
18853,193
18854,158
18855,167
18856,115
18857,35
18858,3
18859,37
18860,14
18861,7
18862,4
18863,32
18864,14
18865,136
18866,195
18867,125
18868,192
18869,37
18870,3
18871,24
18872,28
18873,6
18874,9
18875,189
18876,192
18877,154
18878,160
18879,148
18880,15
18881,32
18882,47
18883,25
18884,17
18885,6
18886,5
18887,3
18888,113
18889,264
18890,456
18891,492
18892,514
18893,141
18894,19
18895,156
18896,82
18897,20
18898,16
18899,473
18900,113
18901,456
18902,141
18903,473
18904,34
18905,528
18906,327
18907,155
18908,82
18909,18
18910,16
18911,477
18912,112
18913,443
18914,194
18915,444
18916,567
18917,167
18918,130
18919,33
18920,158
18921,10
18922,41
18923,244
18924,121
18925,527
18926,185
18927,448
18928,445
18929,170
18930,133
18931,85
18932,167
18933,14
18934,41
18935,249
18936,119
18937,334
18938,437
18939,449
18940,439
18941,43
18942,172
18943,133
18944,177
18945,15
18946,41
18947,250
18948,119
18949,352
18950,434
18951,449
18952,444
18953,45
18954,176
18955,197
18956,165
18957,10
18958,41
18959,250
18960,119
18961,334
18962,434
18963,449
18964,446
18965,177
18966,85
18967,170
18968,199
18969,21
18970,41
18971,253
18972,122
18973,434
18974,473
18975,314
18976,446
18977,40
18978,167
18979,170
18980,176
18981,15
18982,41
18983,253
18984,131
18985,434
18986,306
18987,448
18988,446
18989,40
18990,167
18991,169
18992,182
18993,10
18994,41
18995,261
18996,151
18997,482
18998,330
18999,454
19000,456
19001,172
19002,46
19003,143
19004,177
19005,15
19006,40
19007,269
19008,185
19009,458
19010,469
19011,467
19012,277
19013,176
19014,144
19015,143
19016,248
19017,22
19018,41
19019,273
19020,185
19021,440
19022,463
19023,387
19024,461
19025,210
19026,55
19027,176
19028,250
19029,12
19030,41
19031,275
19032,194
19033,469
19034,467
19035,341
19036,584
19037,231
19038,148
19039,172
19040,252
19041,6
19042,41
19043,256
19044,19
19045,438
19046,465
19047,282
19048,696
19049,122
19050,89
19051,6
19052,198
19053,46
19054,44
19055,247
19056,20
19057,452
19058,294
19059,471
19060,787
19061,112
19062,6
19063,89
19064,222
19065,46
19066,45
19067,253
19068,343
19069,168
19070,223
19071,22
19072,211
19073,36
19074,26
19075,96
19076,40
19077,9
19078,11
19079,53
19080,427
19081,217
19082,24
19083,245
19084,194
19085,52
19086,59
19087,26
19088,53
19089,10
19090,13
19091,63
19092,443
19093,198
19094,23
19095,198
19096,270
19097,23
19098,33
19099,73
19100,10
19101,44
19102,15
19103,58
19104,390
19105,249
19106,18
19107,223
19108,202
19109,38
19110,75
19111,8
19112,55
19113,10
19114,13
19115,59
19116,427
19117,22
19118,277
19119,212
19120,219
19121,60
19122,63
19123,9
19124,10
19125,10
19126,296
19127,47
19128,419
19129,237
19130,16
19131,248
19132,232
19133,60
19134,69
19135,9
19136,10
19137,68
19138,11
19139,55
19140,439
19141,219
19142,16
19143,215
19144,257
19145,35
19146,77
19147,19
19148,10
19149,68
19150,12
19151,46
19152,420
19153,221
19154,18
19155,253
19156,357
19157,34
19158,67
19159,32
19160,10
19161,10
19162,252
19163,49
19164,419
19165,18
19166,221
19167,250
19168,297
19169,67
19170,31
19171,34
19172,67
19173,10
19174,10
19175,40
19176,421
19177,247
19178,21
19179,224
19180,435
19181,21
19182,40
19183,25
19184,49
19185,80
19186,10
19187,49
19188,446
19189,295
19190,20
19191,247
19192,389
19193,35
19194,90
19195,26
19196,11
19197,67
19198,10
19199,50
19200,466
19201,230
19202,18
19203,303
19204,304
19205,36
19206,21
19207,38
19208,69
19209,57
19210,11
19211,50
19212,479
19213,234
19214,17
19215,230
19216,355
19217,92
19218,36
19219,27
19220,10
19221,81
19222,11
19223,49
19224,477
19225,260
19226,20
19227,260
19228,358
19229,39
19230,93
19231,49
19232,9
19233,61
19234,11
19235,50
19236,486
19237,273
19238,16
19239,265
19240,368
19241,58
19242,42
19243,28
19244,9
19245,78
19246,247
19247,54
19248,550
19249,301
19250,29
19251,295
19252,325
19253,44
19254,69
19255,19
19256,79
19257,9
19258,11
19259,55
19260,579
19261,390
19262,57
19263,299
19264,321
19265,49
19266,7
19267,73
19268,11
19269,72
19270,306
19271,49
19272,605
19273,311
19274,60
19275,291
19276,326
19277,83
19278,87
19279,23
19280,60
19281,9
19282,11
19283,33
19284,315
19285,581
19286,60
19287,295
19288,313
19289,48
19290,80
19291,29
19292,73
19293,11
19294,10
19295,26
19296,303
19297,601
19298,76
19299,395
19300,313
19301,53
19302,89
19303,8
19304,78
19305,64
19306,10
19307,30
19308,299
19309,579
19310,63
19311,396
19312,306
19313,87
19314,64
19315,34
19316,52
19317,63
19318,10
19319,22
19320,321
19321,595
19322,62
19323,393
19324,309
19325,88
19326,84
19327,64
19328,59
19329,11
19330,10
19331,30
19332,342
19333,592
19334,35
19335,312
19336,315
19337,61
19338,82
19339,41
19340,77
19341,162
19342,361
19343,72
19344,508
19345,633
19346,160
19347,467
19348,21
19349,167
19350,208
19351,70
19352,13
19353,80
19354,340
19355,74
19356,67
19357,162
19358,252
19359,9
19360,216
19361,51
19362,3
19363,28
19364,46
19365,38
19366,264
19367,38
19368,66
19369,223
19370,179
19371,16
19372,4
19373,212
19374,124
19375,5
19376,21
19377,24
19378,124
19379,36
19380,68
19381,7
19382,352
19383,11
19384,114
19385,151
19386,4
19387,38
19388,42
19389,24
19390,149
19391,47
19392,69
19393,138
19394,238
19395,16
19396,2
19397,43
19398,235
19399,4
19400,50
19401,23
19402,130
19403,35
19404,72
19405,8
19406,16
19407,203
19408,197
19409,44
19410,3
19411,34
19412,50
19413,44
19414,25
19415,138
19416,74
19417,242
19418,25
19419,194
19420,10
19421,242
19422,50
19423,63
19424,5
19425,23
19426,194
19427,41
19428,72
19429,265
19430,193
19431,7
19432,14
19433,62
19434,149
19435,4
19436,44
19437,40
19438,27
19439,185
19440,78
19441,162
19442,2
19443,364
19444,14
19445,64
19446,3
19447,48
19448,45
19449,40
19450,181
19451,35
19452,79
19453,267
19454,195
19455,142
19456,23
19457,4
19458,240
19459,4
19460,46
19461,40
19462,191
19463,38
19464,79
19465,137
19466,260
19467,3
19468,18
19469,44
19470,130
19471,4
19472,46
19473,40
19474,194
19475,38
19476,78
19477,171
19478,24
19479,8
19480,210
19481,50
19482,126
19483,6
19484,52
19485,26
19486,198
19487,39
19488,80
19489,172
19490,26
19491,8
19492,211
19493,68
19494,148
19495,6
19496,49
19497,28
19498,40
19499,159
19500,90
19501,308
19502,118
19503,311
19504,13
19505,47
19506,146
19507,8
19508,49
19509,34
19510,30
19511,146
19512,83
19513,223
19514,36
19515,341
19516,213
19517,65
19518,145
19519,6
19520,2
19521,35
19522,115
19523,32
19524,83
19525,119
19526,42
19527,331
19528,148
19529,65
19530,199
19531,2
19532,7
19533,36
19534,25
19535,140
19536,79
19537,126
19538,571
19539,44
19540,207
19541,131
19542,78
19543,7
19544,2
19545,34
19546,22
19547,95
19548,73
19549,224
19550,204
19551,376
19552,37
19553,73
19554,88
19555,7
19556,1
19557,34
19558,25
19559,95
19560,81
19561,227
19562,356
19563,209
19564,33
19565,73
19566,87
19567,8
19568,1
19569,36
19570,25
19571,97
19572,79
19573,221
19574,684
19575,139
19576,32
19577,76
19578,89
19579,5
19580,1
19581,32
19582,25
19583,131
19584,81
19585,234
19586,774
19587,40
19588,186
19589,85
19590,88
19591,4
19592,1
19593,32
19594,25
19595,103
19596,83
19597,196
19598,749
19599,43
19600,133
19601,70
19602,108
19603,6
19604,1
19605,34
19606,117
19607,26
19608,90
19609,209
19610,404
19611,35
19612,138
19613,144
19614,68
19615,5
19616,2
19617,33
19618,113
19619,25
19620,90
19621,252
19622,404
19623,35
19624,137
19625,73
19626,104
19627,5
19628,2
19629,29
19630,29
19631,122
19632,76
19633,261
19634,397
19635,130
19636,42
19637,75
19638,112
19639,4
19640,2
19641,30
19642,113
19643,25
19644,82
19645,296
19646,396
19647,37
19648,148
19649,52
19650,103
19651,5
19652,2
19653,34
19654,116
19655,25
19656,78
19657,280
19658,412
19659,130
19660,37
19661,80
19662,92
19663,4
19664,5
19665,26
19666,27
19667,100
19668,91
19669,288
19670,434
19671,40
19672,153
19673,80
19674,90
19675,4
19676,4
19677,25
19678,29
19679,123
19680,7
19681,51
19682,51
19683,41
19684,46
19685,3
19686,11
19687,6
19688,7
19689,16
19690,73
19691,18
19692,9
19693,58
19694,62
19695,48
19696,4
19697,61
19698,28
19699,4
19700,6
19701,16
19702,65
19703,19
19704,9
19705,57
19706,59
19707,49
19708,71
19709,3
19710,25
19711,8
19712,0
19713,12
19714,70
19715,19
19716,8
19717,58
19718,63
19719,49
19720,67
19721,23
19722,28
19723,6
19724,0
19725,70
19726,18
19727,3
19728,7
19729,58
19730,68
19731,46
19732,71
19733,3
19734,28
19735,7
19736,6
19737,17
19738,20
19739,76
19740,7
19741,55
19742,70
19743,55
19744,65
19745,17
19746,29
19747,5
19748,0
19749,64
19750,18
19751,3
19752,6
19753,51
19754,60
19755,53
19756,62
19757,29
19758,14
19759,1
19760,6
19761,13
19762,58
19763,18
19764,13
19765,50
19766,74
19767,49
19768,48
19769,17
19770,26
19771,1
19772,0
19773,15
19774,15
19775,62
19776,12
19777,69
19778,43
19779,48
19780,47
19781,27
19782,24
19783,0
19784,6
19785,15
19786,3
19787,52
19788,11
19789,72
19790,48
19791,45
19792,52
19793,31
19794,5
19795,6
19796,0
19797,50
19798,20
19799,12
19800,10
19801,77
19802,58
19803,55
19804,75
19805,15
19806,29
19807,1
19808,0
19809,3
19810,13
19811,68
19812,13
19813,85
19814,61
19815,61
19816,66
19817,3
19818,14
19819,5
19820,11
19821,17
19822,69
19823,11
19824,98
19825,56
19826,13
19827,67
19828,73
19829,25
19830,16
19831,1
19832,2
19833,18
19834,12
19835,5
19836,14
19837,94
19838,68
19839,51
19840,56
19841,16
19842,18
19843,13
19844,1
19845,4
19846,72
19847,12
19848,15
19849,104
19850,72
19851,82
19852,65
19853,17
19854,3
19855,1
19856,13
19857,13
19858,19
19859,76
19860,117
19861,16
19862,72
19863,82
19864,79
19865,15
19866,22
19867,13
19868,1
19869,17
19870,14
19871,85
19872,62
19873,186
19874,201
19875,94
19876,88
19877,50
19878,33
19879,30
19880,0
19881,17
19882,88
19883,14
19884,61
19885,198
19886,183
19887,93
19888,86
19889,15
19890,40
19891,40
19892,30
19893,15
19894,14
19895,87
19896,62
19897,198
19898,185
19899,87
19900,96
19901,49
19902,13
19903,0
19904,35
19905,88
19906,14
19907,33
19908,62
19909,198
19910,106
19911,192
19912,86
19913,16
19914,41
19915,40
19916,28
19917,16
19918,15
19919,88
19920,79
19921,202
19922,205
19923,101
19924,93
19925,44
19926,49
19927,28
19928,1
19929,97
19930,16
19931,16
19932,82
19933,201
19934,201
19935,100
19936,95
19937,50
19938,14
19939,38
19940,28
19941,18
19942,16
19943,96
19944,218
19945,100
19946,49
19947,187
19948,96
19949,47
19950,48
19951,1
19952,1
19953,36
19954,96
19955,15
19956,64
19957,202
19958,189
19959,103
19960,98
19961,47
19962,48
19963,1
19964,1
19965,36
19966,98
19967,15
19968,65
19969,189
19970,203
19971,107
19972,100
19973,15
19974,48
19975,39
19976,1
19977,100
19978,15
19979,33
19980,64
19981,162
19982,185
19983,104
19984,98
19985,48
19986,26
19987,26
19988,1
19989,17
19990,14
19991,99
19992,202
19993,81
19994,121
19995,96
19996,99
19997,28
19998,12
19999,27
20000,1
20001,16
20002,32
20003,96
20004,201
20005,64
20006,128
20007,99
20008,96
20009,38
20010,26
20011,1
20012,3
20013,35
20014,16
20015,15
20016,64
20017,206
20018,159
20019,96
20020,98
20021,28
20022,12
20023,26
20024,1
20025,16
20026,96
20027,32
20028,224
20029,79
20030,131
20031,96
20032,98
20033,28
20034,34
20035,1
20036,3
20037,17
20038,32
20039,14
20040,77
20041,224
20042,133
20043,96
20044,98
20045,37
20046,12
20047,2
20048,1
20049,35
20050,94
20051,14
20052,2
20053,6
20054,8
20055,3
20056,5
20057,7
20058,31
20059,2
20060,10
20061,34
20062,14
20063,6
20064,6
20065,70
20066,28
20067,35
20068,4
20069,2
20070,4
20071,4
20072,4
20073,36
20074,16
20075,6
20076,165
20077,28
20078,34
20079,6
20080,5
20081,6
20082,5
20083,4
20084,4
20085,41
20086,18
20087,7
20088,36
20089,83
20090,35
20091,17
20092,170
20093,16
20094,18
20095,13
20096,16
20097,16
20098,44
20099,21
20100,29
20101,189
20102,25
20103,91
20104,41
20105,20
20106,40
20107,22
20108,18
20109,21
20110,22
20111,47
20112,43
20113,94
20114,201
20115,79
20116,23
20117,42
20118,23
20119,24
20120,19
20121,22
20122,23
20123,27
20124,203
20125,115
20126,46
20127,23
20128,94
20129,22
20130,31
20131,19
20132,23
20133,23
20134,49
20135,27
20136,43
20137,82
20138,123
20139,197
20140,22
20141,25
20142,32
20143,19
20144,23
20145,23
20146,49
20147,27
20148,135
20149,83
20150,121
20151,26
20152,22
20153,24
20154,21
20155,23
20156,23
20157,54
20158,45
20159,27
20160,83
20161,53
20162,121
20163,108
20164,22
20165,23
20166,22
20167,19
20168,23
20169,23
20170,66
20171,27
20172,62
20173,22
20174,97
20175,140
20176,46
20177,21
20178,22
20179,19
20180,23
20181,23
20182,60
20183,27
20184,84
20185,107
20186,131
20187,22
20188,23
20189,13
20190,22
20191,23
20192,23
20193,62
20194,51
20195,27
20196,23
20197,97
20198,134
20199,67
20200,116
20201,22
20202,9
20203,2
20204,19
20205,23
20206,65
20207,27
20208,100
20209,144
20210,125
20211,10
20212,23
20213,11
20214,47
20215,20
20216,23
20217,23
20218,69
20219,27
20220,100
20221,147
20222,89
20223,64
20224,18
20225,11
20226,22
20227,23
20228,23
20229,27
20230,182
20231,908
20232,1800
20233,1144
20234,710
20235,97
20236,374
20237,193
20238,234
20239,43
20240,41
20241,652
20242,184
20243,902
20244,1380
20245,1607
20246,709
20247,98
20248,271
20249,366
20250,361
20251,46
20252,411
20253,76
20254,2
20255,197
20256,289
20257,415
20258,442
20259,4
20260,44
20261,11
20262,32
20263,65
20264,418
20265,67
20266,5
20267,187
20268,424
20269,390
20270,5
20271,389
20272,30
20273,29
20274,34
20275,57
20276,416
20277,65
20278,11
20279,183
20280,417
20281,398
20282,7
20283,457
20284,27
20285,33
20286,33
20287,64
20288,407
20289,60
20290,3
20291,196
20292,514
20293,412
20294,5
20295,448
20296,99
20297,16
20298,34
20299,60
20300,352
20301,47
20302,9
20303,227
20304,479
20305,429
20306,4
20307,440
20308,61
20309,31
20310,25
20311,65
20312,353
20313,50
20314,2
20315,238
20316,472
20317,427
20318,5
20319,443
20320,9
20321,43
20322,27
20323,62
20324,329
20325,57
20326,5
20327,249
20328,475
20329,4
20330,402
20331,429
20332,49
20333,9
20334,28
20335,56
20336,352
20337,55
20338,5
20339,266
20340,4
20341,594
20342,452
20343,24
20344,52
20345,31
20346,89
20347,59
20348,58
20349,354
20350,8
20351,273
20352,574
20353,4
20354,408
20355,25
20356,45
20357,31
20358,102
20359,59
20360,50
20361,485
20362,7
20363,295
20364,627
20365,4
20366,456
20367,27
20368,46
20369,31
20370,54
20371,102
20372,49
20373,328
20374,12
20375,286
20376,5
20377,620
20378,408
20379,447
20380,38
20381,31
20382,47
20383,56
20384,51
20385,518
20386,15
20387,273
20388,484
20389,7
20390,436
20391,28
20392,34
20393,92
20394,27
20395,54
20396,56
20397,388
20398,25
20399,304
20400,545
20401,6
20402,449
20403,40
20404,21
20405,76
20406,32
20407,58
20408,56
20409,378
20410,25
20411,282
20412,7
20413,713
20414,408
20415,35
20416,19
20417,82
20418,32
20419,49
20420,392
20421,59
20422,25
20423,297
20424,7
20425,587
20426,26
20427,39
20428,80
20429,25
20430,61
20431,49
20432,54
20433,389
20434,27
20435,7
20436,292
20437,89
20438,448
20439,53
20440,82
20441,356
20442,31
20443,50
20444,65
20445,457
20446,27
20447,12
20448,6
20449,733
20450,382
20451,44
20452,60
20453,359
20454,60
20455,53
20456,52
20457,415
20458,29
20459,326
20460,4
20461,741
20462,57
20463,380
20464,69
20465,63
20466,387
20467,56
20468,54
20469,415
20470,29
20471,271
20472,12
20473,811
20474,51
20475,25
20476,68
20477,77
20478,61
20479,394
20480,62
20481,393
20482,32
20483,12
20484,14
20485,781
20486,65
20487,415
20488,79
20489,64
20490,421
20491,56
20492,54
20493,332
20494,31
20495,352
20496,11
20497,793
20498,63
20499,381
20500,16
20501,125
20502,64
20503,385
20504,68
20505,352
20506,34
20507,13
20508,15
20509,797
20510,75
20511,420
20512,18
20513,127
20514,417
20515,59
20516,54
20517,318
20518,34
20519,355
20520,4
20521,814
20522,448
20523,71
20524,18
20525,130
20526,415
20527,60
20528,54
20529,278
20530,33
20531,392
20532,5
20533,840
20534,430
20535,78
20536,6
20537,138
20538,421
20539,59
20540,61
20541,260
20542,55
20543,378
20544,18
20545,113
20546,380
20547,73
20548,5
20549,139
20550,425
20551,59
20552,360
20553,51
20554,30
20555,431
20556,20
20557,113
20558,431
20559,86
20560,4
20561,139
20562,425
20563,53
20564,262
20565,61
20566,64
20567,31
20568,18
20569,864
20570,327
20571,99
20572,5
20573,139
20574,427
20575,64
20576,359
20577,70
20578,66
20579,629
20580,123
20581,23
20582,430
20583,59
20584,81
20585,139
20586,425
20587,53
20588,244
20589,59
20590,90
20591,125
20592,20
20593,856
20594,331
20595,101
20596,4
20597,139
20598,425
20599,64
20600,353
20601,72
20602,16
20603,168
20604,5
20605,115
20606,3
20607,198
20608,12
20609,26
20610,22
20611,37
20612,198
20613,9
20614,18
20615,182
20616,171
20617,6
20618,3
20619,204
20620,32
20621,25
20622,22
20623,40
20624,187
20625,40
20626,16
20627,172
20628,8
20629,107
20630,3
20631,31
20632,7
20633,29
20634,21
20635,25
20636,155
20637,46
20638,16
20639,182
20640,189
20641,7
20642,4
20643,205
20644,7
20645,27
20646,22
20647,32
20648,5
20649,44
20650,175
20651,8
20652,178
20653,105
20654,0
20655,191
20656,42
20657,27
20658,21
20659,37
20660,136
20661,37
20662,14
20663,202
20664,183
20665,6
20666,194
20667,3
20668,7
20669,29
20670,21
20671,25
20672,133
20673,27
20674,184
20675,15
20676,189
20677,121
20678,197
20679,7
20680,4
20681,38
20682,6
20683,23
20684,116
20685,50
20686,183
20687,6
20688,175
20689,6
20690,192
20691,42
20692,4
20693,8
20694,22
20695,40
20696,117
20697,25
20698,204
20699,17
20700,7
20701,121
20702,203
20703,4
20704,7
20705,29
20706,25
20707,18
20708,114
20709,23
20710,206
20711,17
20712,7
20713,124
20714,203
20715,44
20716,4
20717,8
20718,21
20719,38
20720,114
20721,22
20722,16
20723,199
20724,6
20725,144
20726,200
20727,4
20728,8
20729,29
20730,23
20731,23
20732,116
20733,36
20734,203
20735,188
20736,12
20737,5
20738,6
20739,180
20740,42
20741,7
20742,24
20743,35
20744,114
20745,24
20746,204
20747,19
20748,183
20749,5
20750,143
20751,6
20752,8
20753,30
20754,27
20755,113
20756,42
20757,19
20758,8
20759,20
20760,190
20761,191
20762,115
20763,6
20764,8
20765,29
20766,26
20767,83
20768,44
20769,13
20770,9
20771,191
20772,26
20773,145
20774,115
20775,7
20776,9
20777,30
20778,27
20779,37
20780,82
20781,31
20782,183
20783,263
20784,29
20785,8
20786,120
20787,8
20788,10
20789,32
20790,24
20791,75
20792,37
20793,32
20794,188
20795,223
20796,36
20797,8
20798,8
20799,159
20800,10
20801,30
20802,23
20803,59
20804,84
20805,29
20806,183
20807,224
20808,36
20809,9
20810,124
20811,0
20812,24
20813,50
20814,24
20815,52
20816,81
20817,29
20818,197
20819,31
20820,298
20821,9
20822,10
20823,173
20824,10
20825,32
20826,24
20827,36
20828,96
20829,27
20830,212
20831,32
20832,250
20833,9
20834,144
20835,11
20836,10
20837,34
20838,24
20839,34
20840,95
20841,29
20842,195
20843,40
20844,245
20845,133
20846,13
20847,10
20848,43
20849,10
20850,30
20851,45
20852,85
20853,33
20854,198
20855,318
20856,33
20857,131
20858,12
20859,24
20860,10
20861,10
20862,29
20863,43
20864,85
20865,34
20866,210
20867,242
20868,40
20869,139
20870,11
20871,11
20872,43
20873,10
20874,28
20875,58
20876,89
20877,33
20878,199
20879,311
20880,40
20881,104
20882,10
20883,26
20884,14
20885,10
20886,29
20887,27
20888,83
20889,31
20890,216
20891,246
20892,36
20893,10
20894,106
20895,14
20896,60
20897,10
20898,28
20899,29
20900,88
20901,28
20902,205
20903,34
20904,11
20905,122
20906,79
20907,7
20908,27
20909,51
20910,28
20911,28
20912,88
20913,30
20914,36
20915,204
20916,322
20917,13
20918,104
20919,22
20920,60
20921,10
20922,21
20923,34
20924,98
20925,30
20926,203
20927,40
20928,246
20929,118
20930,10
20931,26
20932,45
20933,10
20934,22
20935,29
20936,229
20937,1553
20938,711
20939,889
20940,64
20941,42
20942,252
20943,340
20944,42
20945,157
20946,947
20947,227
20948,253
20949,1824
20950,721
20951,1001
20952,64
20953,42
20954,252
20955,348
20956,42
20957,159
20958,971
20959,227
20960,252
20961,1905
20962,755
20963,897
20964,64
20965,42
20966,256
20967,348
20968,42
20969,155
20970,994
20971,342
20972,211
20973,1940
20974,846
20975,826
20976,841
20977,40
20978,253
20979,347
20980,189
20981,157
20982,53
20983,364
20984,1808
20985,154
20986,835
20987,833
20988,811
20989,40
20990,253
20991,348
20992,30
20993,163
20994,958
20995,364
20996,1947
20997,137
20998,860
20999,42
21000,794
21001,58
21002,33
21003,353
21004,188
21005,206
21006,974
21007,361
21008,1964
21009,931
21010,112
21011,860
21012,794
21013,57
21014,263
21015,191
21016,228
21017,17
21018,974
21019,359
21020,1982
21021,107
21022,903
21023,784
21024,821
21025,56
21026,34
21027,357
21028,205
21029,20
21030,966
21031,339
21032,138
21033,2168
21034,900
21035,833
21036,884
21037,75
21038,262
21039,502
21040,15
21041,221
21042,47
21043,339
21044,2205
21045,107
21046,786
21047,763
21048,757
21049,83
21050,258
21051,488
21052,153
21053,19
21054,840
21055,289
21056,773
21057,2224
21058,124
21059,660
21060,880
21061,83
21062,36
21063,589
21064,138
21065,31
21066,796
21067,242
21068,2224
21069,803
21070,673
21071,165
21072,909
21073,86
21074,256
21075,590
21076,14
21077,222
21078,42
21079,135
21080,2237
21081,802
21082,37
21083,131
21084,754
21085,56
21086,252
21087,502
21088,159
21089,334
21090,557
21091,114
21092,2224
21093,730
21094,816
21095,136
21096,956
21097,69
21098,251
21099,502
21100,184
21101,31
21102,559
21103,116
21104,168
21105,2224
21106,740
21107,773
21108,923
21109,22
21110,251
21111,590
21112,16
21113,365
21114,645
21115,116
21116,197
21117,2221
21118,797
21119,877
21120,48
21121,67
21122,238
21123,583
21124,214
21125,41
21126,787
21127,117
21128,258
21129,2205
21130,47
21131,869
21132,1132
21133,79
21134,235
21135,596
21136,46
21137,363
21138,766
21139,104
21140,272
21141,966
21142,948
21143,984
21144,1140
21145,77
21146,252
21147,639
21148,58
21149,368
21150,788
21151,104
21152,247
21153,1154
21154,2401
21155,103
21156,1422
21157,100
21158,316
21159,668
21160,78
21161,384
21162,776
21163,107
21164,228
21165,1215
21166,2410
21167,125
21168,1350
21169,109
21170,320
21171,686
21172,89
21173,368
21174,759
21175,134
21176,322
21177,1230
21178,2380
21179,1129
21180,1132
21181,81
21182,63
21183,666
21184,233
21185,303
21186,101
21187,114
21188,263
21189,1320
21190,1024
21191,1245
21192,1143
21193,97
21194,294
21195,248
21196,599
21197,255
21198,757
21199,108
21200,234
21201,1494
21202,1020
21203,1415
21204,1135
21205,118
21206,214
21207,304
21208,67
21209,712
21210,781
21211,142
21212,320
21213,1489
21214,2156
21215,1470
21216,1103
21217,106
21218,387
21219,712
21220,333
21221,162
21222,100
21223,125
21224,237
21225,1521
21226,2266
21227,132
21228,962
21229,130
21230,683
21231,384
21232,65
21233,154
21234,750
21235,134
21236,286
21237,1556
21238,1000
21239,1472
21240,966
21241,123
21242,311
21243,690
21244,67
21245,151
21246,752
21247,129
21248,303
21249,2308
21250,137
21251,1469
21252,818
21253,98
21254,655
21255,384
21256,239
21257,127
21258,800
21259,130
21260,0
21261,0
21262,0
21263,0
21264,0
21265,0
21266,0
21267,0
21268,0
21269,0
21270,0
21271,10
21272,8
21273,10
21274,7
21275,8
21276,10
21277,8
21278,15
21279,10
21280,13
21281,1
21282,3
21283,10
21284,9
21285,8
21286,7
21287,9
21288,6
21289,8
21290,15
21291,10
21292,13
21293,1
21294,3
21295,10
21296,10
21297,10
21298,7
21299,8
21300,11
21301,9
21302,7
21303,7
21304,17
21305,2
21306,4
21307,11
21308,10
21309,10
21310,11
21311,17
21312,12
21313,9
21314,7
21315,7
21316,7
21317,6
21318,2
21319,11
21320,8
21321,10
21322,7
21323,14
21324,9
21325,19
21326,7
21327,7
21328,8
21329,5
21330,2
21331,11
21332,10
21333,11
21334,10
21335,8
21336,9
21337,18
21338,7
21339,7
21340,8
21341,5
21342,2
21343,11
21344,9
21345,10
21346,16
21347,7
21348,10
21349,8
21350,6
21351,6
21352,14
21353,2
21354,4
21355,10
21356,10
21357,9
21358,10
21359,16
21360,9
21361,8
21362,7
21363,7
21364,7
21365,5
21366,1
21367,9
21368,10
21369,19
21370,10
21371,8
21372,10
21373,8
21374,7
21375,7
21376,6
21377,3
21378,1
21379,10
21380,14
21381,10
21382,10
21383,8
21384,10
21385,8
21386,7
21387,7
21388,6
21389,1
21390,1
21391,10
21392,15
21393,19
21394,6
21395,7
21396,10
21397,8
21398,6
21399,7
21400,13
21401,1
21402,3
21403,10
21404,15
21405,15
21406,18
21407,7
21408,10
21409,8
21410,7
21411,6
21412,6
21413,1
21414,3
21415,10
21416,14
21417,16
21418,20
21419,6
21420,10
21421,8
21422,6
21423,6
21424,6
21425,1
21426,3
21427,10
21428,10
21429,9
21430,16
21431,17
21432,16
21433,8
21434,7
21435,7
21436,8
21437,5
21438,5
21439,21
21440,10
21441,6
21442,19
21443,19
21444,10
21445,8
21446,7
21447,6
21448,6
21449,1
21450,1
21451,9
21452,11
21453,22
21454,20
21455,7
21456,18
21457,6
21458,8
21459,6
21460,6
21461,5
21462,2
21463,10
21464,11
21465,10
21466,20
21467,6
21468,18
21469,7
21470,7
21471,21
21472,7
21473,2
21474,5
21475,22
21476,22
21477,9
21478,21
21479,19
21480,9
21481,7
21482,7
21483,8
21484,6
21485,5
21486,1
21487,9
21488,9
21489,6
21490,20
21491,13
21492,23
21493,6
21494,8
21495,18
21496,7
21497,2
21498,2
21499,23
21500,10
21501,6
21502,20
21503,13
21504,9
21505,24
21506,18
21507,7
21508,7
21509,2
21510,5
21511,23
21512,11
21513,16
21514,20
21515,7
21516,9
21517,7
21518,8
21519,7
21520,6
21521,2
21522,2
21523,2
21524,12
21525,18
21526,17
21527,3
21528,4
21529,2
21530,9
21531,1
21532,4
21533,1
21534,2
21535,2
21536,3
21537,13
21538,4
21539,4
21540,0
21541,4
21542,4
21543,1
21544,18
21545,1
21546,2
21547,2
21548,4
21549,4
21550,2
21551,2
21552,1
21553,1
21554,18
21555,15
21556,14
21557,1
21558,2
21559,2
21560,13
21561,3
21562,18
21563,18
21564,4
21565,4
21566,5
21567,3
21568,4
21569,1
21570,1
21571,2
21572,3
21573,4
21574,16
21575,2
21576,4
21577,7
21578,1
21579,1
21580,18
21581,1
21582,1
21583,2
21584,3
21585,19
21586,16
21587,2
21588,4
21589,7
21590,4
21591,1
21592,4
21593,1
21594,1
21595,2
21596,3
21597,19
21598,3
21599,19
21600,19
21601,20
21602,7
21603,3
21604,7
21605,2
21606,2
21607,0
21608,3
21609,19
21610,3
21611,19
21612,20
21613,16
21614,4
21615,3
21616,7
21617,2
21618,2
21619,0
21620,4
21621,19
21622,16
21623,2
21624,7
21625,20
21626,4
21627,3
21628,5
21629,1
21630,1
21631,2
21632,2
21633,6
21634,1
21635,4
21636,3
21637,0
21638,0
21639,10
21640,7
21641,1
21642,1
21643,2
21644,6
21645,1
21646,0
21647,10
21648,0
21649,0
21650,13
21651,3
21652,7
21653,1
21654,1
21655,2
21656,6
21657,1
21658,1
21659,10
21660,0
21661,1
21662,13
21663,3
21664,7
21665,1
21666,1
21667,2
21668,3
21669,2
21670,3
21671,10
21672,1
21673,1
21674,3
21675,1
21676,4
21677,1
21678,1
21679,2
21680,3
21681,2
21682,7
21683,10
21684,3
21685,5
21686,1
21687,7
21688,4
21689,1
21690,1
21691,2
21692,9
21693,3
21694,1
21695,10
21696,5
21697,5
21698,3
21699,1
21700,4
21701,1
21702,1
21703,2
21704,9
21705,3
21706,7
21707,9
21708,5
21709,1
21710,3
21711,1
21712,4
21713,1
21714,2
21715,2
21716,2
21717,2
21718,3
21719,10
21720,3
21721,5
21722,1
21723,5
21724,4
21725,1
21726,1
21727,13
21728,3
21729,2
21730,11
21731,5
21732,8
21733,1
21734,3
21735,1
21736,4
21737,1
21738,1
21739,1
21740,4
21741,9
21742,5
21743,9
21744,1
21745,6
21746,0
21747,1
21748,10
21749,1
21750,2
21751,1
21752,2
21753,6
21754,6
21755,7
21756,5
21757,5
21758,0
21759,4
21760,4
21761,1
21762,1
21763,9
21764,2
21765,6
21766,6
21767,9
21768,1
21769,9
21770,3
21771,4
21772,4
21773,1
21774,1
21775,2
21776,9
21777,3
21778,7
21779,5
21780,5
21781,5
21782,3
21783,1
21784,4
21785,1
21786,1
21787,2
21788,3
21789,6
21790,6
21791,5
21792,5
21793,5
21794,3
21795,1
21796,4
21797,1
21798,1
21799,2
21800,9
21801,8
21802,6
21803,5
21804,5
21805,4
21806,3
21807,1
21808,4
21809,1
21810,1
21811,2
21812,2
21813,8
21814,6
21815,9
21816,1
21817,8
21818,2
21819,4
21820,4
21821,1
21822,1
21823,2
21824,9
21825,9
21826,9
21827,5
21828,4
21829,5
21830,3
21831,1
21832,4
21833,1
21834,1
21835,2
21836,2
21837,9
21838,1
21839,8
21840,4
21841,5
21842,0
21843,1
21844,10
21845,1
21846,1
21847,2
21848,9
21849,5
21850,3
21851,1
21852,8
21853,1
21854,0
21855,7
21856,12
21857,1
21858,1
21859,2
21860,9
21861,9
21862,4
21863,4
21864,5
21865,8
21866,0
21867,1
21868,10
21869,1
21870,1
21871,2
21872,15
21873,1
21874,7
21875,5
21876,5
21877,2
21878,8
21879,1
21880,10
21881,1
21882,1
21883,2
21884,9
21885,9
21886,3
21887,5
21888,15
21889,5
21890,8
21891,4
21892,5
21893,1
21894,1
21895,0
21896,0
21897,0
21898,0
21899,0
21900,0
21901,0
21902,0
21903,0
21904,1
21905,0
21906,0
21907,0
21908,0
21909,0
21910,0
21911,0
21912,0
21913,0
21914,0
21915,0
21916,0
21917,3
21918,0
21919,1
21920,0
21921,0
21922,3
21923,0
21924,0
21925,0
21926,0
21927,0
21928,0
21929,0
21930,1
21931,0
21932,0
21933,0
21934,0
21935,0
21936,0
21937,0
21938,0
21939,0
21940,0
21941,0
21942,0
21943,1
21944,0
21945,0
21946,0
21947,0
21948,0
21949,0
21950,0
21951,0
21952,0
21953,0
21954,0
21955,1
21956,0
21957,0
21958,0
21959,0
21960,0
21961,0
21962,0
21963,0
21964,0
21965,0
21966,0
21967,0
21968,12
21969,77
21970,3
21971,97
21972,62
21973,33
21974,55
21975,21
21976,8
21977,12
21978,2
21979,10
21980,13
21981,3
21982,91
21983,94
21984,48
21985,63
21986,56
21987,19
21988,7
21989,8
21990,5
21991,49
21992,14
21993,73
21994,3
21995,98
21996,36
21997,57
21998,4
21999,34
22000,8
22001,7
22002,51
22003,12
22004,16
22005,76
22006,3
22007,6
22008,60
22009,39
22010,72
22011,41
22012,7
22013,12
22014,55
22015,11
22016,21
22017,70
22018,4
22019,88
22020,66
22021,42
22022,3
22023,38
22024,7
22025,6
22026,49
22027,12
22028,21
22029,83
22030,5
22031,109
22032,62
22033,19
22034,3
22035,25
22036,7
22037,11
22038,10
22039,50
22040,21
22041,79
22042,102
22043,7
22044,19
22045,57
22046,62
22047,21
22048,8
22049,10
22050,2
22051,9
22052,22
22053,87
22054,5
22055,105
22056,38
22057,57
22058,29
22059,3
22060,8
22061,10
22062,2
22063,12
22064,25
22065,82
22066,7
22067,99
22068,59
22069,14
22070,65
22071,28
22072,7
22073,5
22074,56
22075,11
22076,25
22077,83
22078,12
22079,97
22080,20
22081,62
22082,2
22083,21
22084,9
22085,12
22086,12
22087,64
22088,30
22089,81
22090,99
22091,12
22092,60
22093,37
22094,31
22095,2
22096,10
22097,5
22098,10
22099,64
22100,28
22101,82
22102,111
22103,5
22104,65
22105,22
22106,23
22107,67
22108,9
22109,12
22110,63
22111,13
22112,28
22113,74
22114,16
22115,6
22116,1
22117,32
22118,66
22119,33
22120,10
22121,12
22122,11
22123,62
22124,29
22125,98
22126,16
22127,115
22128,2
22129,32
22130,21
22131,64
22132,12
22133,14
22134,9
22135,66
22136,30
22137,106
22138,108
22139,16
22140,61
22141,25
22142,2
22143,27
22144,13
22145,5
22146,61
22147,12
22148,30
22149,89
22150,117
22151,16
22152,64
22153,25
22154,18
22155,58
22156,12
22157,5
22158,64
22159,9
22160,30
22161,93
22162,17
22163,108
22164,61
22165,33
22166,2
22167,26
22168,12
22169,5
22170,10
22171,64
22172,30
22173,104
22174,108
22175,16
22176,70
22177,27
22178,62
22179,16
22180,12
22181,13
22182,4
22183,10
22184,0
22185,0
22186,0
22187,0
22188,0
22189,0
22190,0
22191,0
22192,0
22193,0
22194,0
22195,0
22196,0
22197,0
22198,0
22199,0
22200,0
22201,0
22202,0
22203,0
22204,0
22205,0
22206,0
22207,0
22208,0
22209,0
22210,0
22211,0
22212,0
22213,0
22214,0
22215,0
22216,1
22217,0
22218,0
22219,0
22220,2
22221,0
22222,1
22223,0
22224,0
22225,0
22226,0
22227,0
22228,0
22229,0
22230,0
22231,1
22232,1
22233,1
22234,1
22235,1
22236,0
22237,0
22238,0
22239,0
22240,0
22241,0
22242,1
22243,1
22244,1
22245,1
22246,1
22247,1
22248,1
22249,0
22250,0
22251,0
22252,0
22253,0
22254,0
22255,0
22256,1
22257,1
22258,0
22259,0
22260,0
22261,0
22262,0
22263,0
22264,0
22265,0
22266,0
22267,0
22268,0
22269,2
22270,0
22271,0
22272,0
22273,0
22274,0
22275,0
22276,0
22277,1
22278,0
22279,0
22280,0
22281,2
22282,1
22283,0
22284,0
22285,0
22286,0
22287,0
22288,0
22289,0
22290,1
22291,0
22292,0
22293,1
22294,0
22295,1
22296,0
22297,0
22298,0
22299,0
22300,0
22301,0
22302,0
22303,0
22304,2
22305,0
22306,1
22307,0
22308,0
22309,0
22310,0
22311,0
22312,0
22313,0
22314,0
22315,0
22316,0
22317,2
22318,0
22319,0
22320,0
22321,0
22322,0
22323,0
22324,0
22325,1
22326,0
22327,0
22328,2
22329,1
22330,0
22331,0
22332,0
22333,0
22334,0
22335,0
22336,0
22337,0
22338,0
22339,0
22340,2
22341,0
22342,0
22343,0
22344,0
22345,0
22346,0
22347,0
22348,0
22349,0
22350,0
22351,0
22352,0
22353,2
22354,0
22355,0
22356,0
22357,0
22358,0
22359,0
22360,0
22361,0
22362,0
22363,0
22364,0
22365,0
22366,0
22367,1
22368,0
22369,0
22370,0
22371,0
22372,0
22373,0
22374,0
22375,0
22376,0
22377,0
22378,1
22379,0
22380,0
22381,0
22382,0
22383,0
22384,0
22385,0
22386,1
22387,0
22388,1
22389,0
22390,0
22391,2
22392,0
22393,0
22394,0
22395,0
22396,0
22397,0
22398,0
22399,0
22400,2
22401,0
22402,14
22403,1
22404,36
22405,34
22406,6
22407,40
22408,4
22409,1
22410,0
22411,32
22412,0
22413,2
22414,14
22415,32
22416,36
22417,1
22418,7
22419,40
22420,9
22421,1
22422,7
22423,5
22424,2
22425,0
22426,16
22427,2
22428,35
22429,35
22430,9
22431,9
22432,34
22433,0
22434,0
22435,31
22436,2
22437,1
22438,17
22439,30
22440,35
22441,3
22442,39
22443,9
22444,6
22445,1
22446,0
22447,32
22448,2
22449,1
22450,18
22451,4
22452,41
22453,38
22454,5
22455,9
22456,33
22457,0
22458,7
22459,7
22460,2
22461,1
22462,19
22463,3
22464,48
22465,39
22466,8
22467,33
22468,9
22469,1
22470,6
22471,7
22472,3
22473,1
22474,23
22475,3
22476,54
22477,50
22478,36
22479,7
22480,6
22481,0
22482,0
22483,31
22484,3
22485,1
22486,28
22487,3
22488,55
22489,52
22490,8
22491,36
22492,9
22493,0
22494,7
22495,6
22496,3
22497,1
22498,29
22499,39
22500,4
22501,57
22502,35
22503,8
22504,9
22505,0
22506,0
22507,32
22508,3
22509,2
22510,25
22511,6
22512,52
22513,58
22514,34
22515,8
22516,6
22517,1
22518,0
22519,38
22520,3
22521,1
22522,25
22523,43
22524,5
22525,7
22526,54
22527,34
22528,6
22529,1
22530,8
22531,5
22532,3
22533,1
22534,28
22535,48
22536,63
22537,5
22538,34
22539,8
22540,8
22541,0
22542,0
22543,39
22544,3
22545,1
22546,30
22547,47
22548,75
22549,7
22550,6
22551,7
22552,35
22553,0
22554,5
22555,5
22556,3
22557,1
22558,27
22559,5
22560,54
22561,72
22562,32
22563,8
22564,5
22565,0
22566,5
22567,6
22568,4
22569,29
22570,1
22571,44
22572,54
22573,5
22574,7
22575,31
22576,8
22577,0
22578,1
22579,56
22580,5
22581,31
22582,1
22583,47
22584,54
22585,7
22586,6
22587,6
22588,32
22589,2
22590,6
22591,6
22592,4
22593,1
22594,31
22595,47
22596,72
22597,31
22598,5
22599,7
22600,4
22601,2
22602,5
22603,6
22604,4
22605,0
22606,30
22607,47
22608,53
22609,4
22610,7
22611,5
22612,8
22613,7
22614,1
22615,57
22616,4
22617,1
22618,34
22619,47
22620,71
22621,6
22622,35
22623,7
22624,8
22625,0
22626,1
22627,97
22628,21
22629,15
22630,131
22631,204
22632,27
22633,73
22634,37
22635,18
22636,61
22637,0
22638,0
22639,96
22640,21
22641,132
22642,15
22643,194
22644,94
22645,24
22646,38
22647,65
22648,15
22649,1
22650,1
22651,94
22652,23
22653,15
22654,143
22655,207
22656,25
22657,72
22658,34
22659,16
22660,73
22661,1
22662,1
22663,94
22664,22
22665,15
22666,154
22667,25
22668,195
22669,74
22670,91
22671,33
22672,15
22673,1
22674,1
22675,92
22676,24
22677,16
22678,176
22679,211
22680,77
22681,31
22682,35
22683,15
22684,14
22685,2
22686,2
22687,19
22688,24
22689,15
22690,203
22691,196
22692,103
22693,33
22694,96
22695,36
22696,13
22697,1
22698,1
22699,94
22700,26
22701,216
22702,145
22703,17
22704,36
22705,70
22706,43
22707,14
22708,14
22709,2
22710,2
22711,18
22712,27
22713,196
22714,19
22715,116
22716,44
22717,66
22718,42
22719,13
22720,66
22721,0
22722,0
22723,96
22724,27
22725,201
22726,19
22727,115
22728,44
22729,32
22730,76
22731,98
22732,11
22733,0
22734,0
22735,97
22736,27
22737,201
22738,23
22739,142
22740,75
22741,62
22742,43
22743,32
22744,11
22745,0
22746,1
22747,94
22748,28
22749,202
22750,140
22751,97
22752,23
22753,36
22754,96
22755,32
22756,11
22757,0
22758,0
22759,93
22760,45
22761,200
22762,142
22763,25
22764,74
22765,62
22766,43
22767,14
22768,11
22769,2
22770,2
22771,17
22772,47
22773,253
22774,217
22775,223
22776,87
22777,49
22778,36
22779,141
22780,39
22781,3
22782,3
22783,107
22784,45
22785,312
22786,204
22787,154
22788,141
22789,28
22790,67
22791,119
22792,39
22793,3
22794,5
22795,45
22796,29
22797,350
22798,207
22799,161
22800,138
22801,21
22802,111
22803,50
22804,17
22805,32
22806,5
22807,42
22808,30
22809,247
22810,258
22811,75
22812,136
22813,48
22814,100
22815,25
22816,16
22817,2
22818,2
22819,98
22820,35
22821,243
22822,260
22823,71
22824,133
22825,21
22826,95
22827,46
22828,17
22829,3
22830,2
22831,42
22832,44
22833,343
22834,229
22835,73
22836,134
22837,21
22838,64
22839,95
22840,16
22841,2
22842,4
22843,42
22844,290
22845,46
22846,242
22847,73
22848,134
22849,49
22850,37
22851,89
22852,17
22853,2
22854,3
22855,41
22856,47
22857,232
22858,326
22859,73
22860,134
22861,49
22862,41
22863,87
22864,16
22865,2
22866,3
22867,40
22868,47
22869,243
22870,250
22871,73
22872,133
22873,31
22874,83
22875,49
22876,17
22877,2
22878,3
22879,40
22880,47
22881,308
22882,233
22883,73
22884,43
22885,37
22886,82
22887,50
22888,17
22889,2
22890,2
22891,40
22892,46
22893,292
22894,233
22895,62
22896,96
22897,26
22898,61
22899,82
22900,15
22901,1
22902,2
22903,41
22904,237
22905,236
22906,47
22907,130
22908,50
22909,50
22910,72
22911,30
22912,15
22913,1
22914,2
22915,40
22916,230
22917,227
22918,48
22919,76
22920,93
22921,49
22922,69
22923,31
22924,15
22925,0
22926,2
22927,31
22928,48
22929,267
22930,217
22931,77
22932,98
22933,28
22934,84
22935,48
22936,15
22937,0
22938,0
22939,95
22940,32
22941,35
22942,111
22943,12
22944,50
22945,36
22946,96
22947,79
22948,175
22949,2
22950,27
22951,53
22952,33
22953,37
22954,111
22955,15
22956,49
22957,34
22958,100
22959,86
22960,176
22961,2
22962,27
22963,52
22964,210
22965,49
22966,320
22967,104
22968,61
22969,32
22970,96
22971,48
22972,15
22973,1
22974,1
22975,92
22976,50
22977,211
22978,323
22979,95
22980,53
22981,51
22982,92
22983,31
22984,17
22985,0
22986,1
22987,73
22988,23
22989,131
22990,118
22991,91
22992,92
22993,4
22994,28
22995,53
22996,17
22997,2
22998,74
22999,18
23000,19
23001,121
23002,205
23003,94
23004,88
23005,34
23006,38
23007,10
23008,25
23009,0
23010,3
23011,20
23012,21
23013,139
23014,201
23015,92
23016,88
23017,34
23018,37
23019,10
23020,17
23021,2
23022,3
23023,17
23024,21
23025,146
23026,201
23027,88
23028,83
23029,34
23030,11
23031,25
23032,36
23033,0
23034,2
23035,77
23036,7
23037,46
23038,56
23039,41
23040,42
23041,3
23042,8
23043,19
23044,7
23045,1
23046,5
23047,5
23048,7
23049,49
23050,54
23051,43
23052,3
23053,8
23054,46
23055,19
23056,7
23057,1
23058,1
23059,27
23060,7
23061,39
23062,48
23063,39
23064,39
23065,3
23066,12
23067,8
23068,7
23069,1
23070,0
23071,5
23072,7
23073,47
23074,58
23075,42
23076,38
23077,3
23078,9
23079,12
23080,8
23081,1
23082,0
23083,5
23084,7
23085,44
23086,56
23087,37
23088,9
23089,42
23090,3
23091,12
23092,7
23093,1
23094,0
23095,5
23096,7
23097,43
23098,45
23099,34
23100,8
23101,3
23102,39
23103,11
23104,7
23105,1
23106,0
23107,2
23108,8
23109,44
23110,48
23111,42
23112,2
23113,35
23114,8
23115,11
23116,6
23117,1
23118,0
23119,5
23120,10
23121,48
23122,50
23123,43
23124,3
23125,32
23126,10
23127,11
23128,8
23129,1
23130,1
23131,20
23132,9
23133,52
23134,52
23135,49
23136,2
23137,31
23138,10
23139,14
23140,4
23141,2
23142,0
23143,5
23144,53
23145,9
23146,56
23147,3
23148,49
23149,11
23150,31
23151,15
23152,5
23153,1
23154,2
23155,20
23156,9
23157,52
23158,56
23159,49
23160,33
23161,6
23162,12
23163,16
23164,8
23165,2
23166,2
23167,20
23168,9
23169,53
23170,55
23171,56
23172,4
23173,9
23174,36
23175,22
23176,7
23177,0
23178,1
23179,18
23180,11
23181,63
23182,66
23183,59
23184,4
23185,12
23186,31
23187,16
23188,3
23189,0
23190,1
23191,19
23192,7
23193,64
23194,64
23195,24
23196,63
23197,3
23198,15
23199,14
23200,6
23201,1
23202,2
23203,18
23204,12
23205,64
23206,59
23207,62
23208,4
23209,21
23210,26
23211,14
23212,3
23213,0
23214,2
23215,19
23216,10
23217,62
23218,73
23219,20
23220,62
23221,20
23222,5
23223,13
23224,7
23225,0
23226,1
23227,4
23228,8
23229,61
23230,65
23231,5
23232,25
23233,55
23234,17
23235,11
23236,4
23237,1
23238,2
23239,19
23240,7
23241,59
23242,73
23243,57
23244,24
23245,17
23246,3
23247,17
23248,6
23249,2
23250,1
23251,18
23252,7
23253,60
23254,71
23255,56
23256,23
23257,3
23258,16
23259,11
23260,4
23261,1
23262,0
23263,4
23264,10
23265,65
23266,65
23267,52
23268,22
23269,3
23270,15
23271,12
23272,3
23273,1
23274,0
23275,4
23276,10
23277,58
23278,74
23279,42
23280,5
23281,15
23282,17
23283,12
23284,4
23285,1
23286,0
23287,4
23288,71
23289,971
23290,966
23291,381
23292,1098
23293,116
23294,23
23295,307
23296,367
23297,40
23298,12
23299,140
23300,30
23301,326
23302,798
23303,72
23304,1095
23305,1059
23306,356
23307,180
23308,165
23309,24
23310,19
23311,530
23312,72
23313,985
23314,1043
23315,990
23316,344
23317,26
23318,328
23319,121
23320,334
23321,10
23322,41
23323,139
23324,72
23325,1004
23326,1050
23327,980
23328,342
23329,28
23330,178
23331,347
23332,213
23333,23
23334,41
23335,139
23336,72
23337,1095
23338,855
23339,361
23340,1107
23341,279
23342,193
23343,286
23344,31
23345,9
23346,41
23347,159
23348,68
23349,505
23350,476
23351,538
23352,249
23353,162
23354,151
23355,166
23356,80
23357,40
23358,20
23359,8
23360,574
23361,508
23362,524
23363,72
23364,219
23365,165
23366,24
23367,114
23368,164
23369,10
23370,42
23371,156
23372,71
23373,440
23374,530
23375,26
23376,599
23377,239
23378,137
23379,154
23380,16
23381,9
23382,535
23383,160
23384,79
23385,450
23386,541
23387,263
23388,516
23389,163
23390,152
23391,161
23392,24
23393,9
23394,43
23395,168
23396,78
23397,475
23398,558
23399,521
23400,338
23401,25
23402,121
23403,186
23404,187
23405,21
23406,21
23407,607
23408,82
23409,598
23410,556
23411,230
23412,620
23413,21
23414,148
23415,126
23416,177
23417,8
23418,50
23419,170
23420,575
23421,525
23422,530
23423,30
23424,430
23425,81
23426,175
23427,150
23428,139
23429,19
23430,48
23431,175
23432,83
23433,451
23434,565
23435,566
23436,223
23437,122
23438,154
23439,163
23440,11
23441,7
23442,174
23443,592
23444,566
23445,458
23446,86
23447,531
23448,546
23449,173
23450,49
23451,150
23452,23
23453,7
23454,609
23455,176
23456,88
23457,453
23458,469
23459,504
23460,517
23461,50
23462,126
23463,131
23464,159
23465,7
23466,66
23467,177
23468,553
23469,590
23470,608
23471,255
23472,83
23473,53
23474,219
23475,124
23476,67
23477,23
23478,27
23479,703
23480,92
23481,523
23482,605
23483,264
23484,583
23485,204
23486,119
23487,164
23488,149
23489,20
23490,28
23491,675
23492,629
23493,517
23494,509
23495,264
23496,80
23497,50
23498,124
23499,126
23500,172
23501,23
23502,25
23503,571
23504,623
23505,88
23506,517
23507,504
23508,531
23509,128
23510,130
23511,139
23512,107
23513,21
23514,48
23515,179
23516,89
23517,573
23518,538
23519,231
23520,611
23521,129
23522,133
23523,141
23524,57
23525,7
23526,49
23527,180
23528,196
23529,435
23530,77
23531,415
23532,448
23533,168
23534,445
23535,147
23536,175
23537,10
23538,21
23539,163
23540,178
23541,450
23542,458
23543,73
23544,230
23545,163
23546,449
23547,159
23548,137
23549,8
23550,20
23551,159
23552,179
23553,443
23554,457
23555,90
23556,436
23557,193
23558,471
23559,129
23560,122
23561,7
23562,18
23563,164
23564,210
23565,446
23566,122
23567,391
23568,439
23569,465
23570,174
23571,155
23572,119
23573,6
23574,17
23575,173
23576,208
23577,464
23578,567
23579,113
23580,451
23581,425
23582,184
23583,154
23584,118
23585,6
23586,17
23587,173
23588,217
23589,438
23590,110
23591,316
23592,556
23593,177
23594,438
23595,140
23596,7
23597,160
23598,17
23599,169
23600,196
23601,466
23602,110
23603,317
23604,603
23605,111
23606,444
23607,139
23608,160
23609,7
23610,19
23611,178
23612,264
23613,393
23614,493
23615,307
23616,113
23617,393
23618,135
23619,156
23620,170
23621,7
23622,21
23623,187
23624,150
23625,434
23626,538
23627,348
23628,114
23629,453
23630,141
23631,139
23632,154
23633,6
23634,20
23635,177
23636,150
23637,434
23638,438
23639,316
23640,114
23641,452
23642,144
23643,178
23644,154
23645,6
23646,21
23647,182
23648,201
23649,415
23650,472
23651,472
23652,115
23653,471
23654,110
23655,246
23656,169
23657,7
23658,22
23659,191
23660,271
23661,386
23662,1050
23663,290
23664,111
23665,410
23666,89
23667,352
23668,174
23669,7
23670,10
23671,539
23672,150
23673,486
23674,1012
23675,361
23676,113
23677,493
23678,106
23679,280
23680,166
23681,7
23682,22
23683,179
23684,280
23685,399
23686,471
23687,798
23688,116
23689,292
23690,108
23691,325
23692,171
23693,7
23694,10
23695,511
23696,284
23697,509
23698,904
23699,305
23700,119
23701,115
23702,285
23703,349
23704,177
23705,7
23706,23
23707,165
23708,293
23709,522
23710,765
23711,380
23712,120
23713,454
23714,117
23715,260
23716,160
23717,8
23718,22
23719,64
23720,169
23721,364
23722,842
23723,360
23724,64
23725,373
23726,82
23727,287
23728,72
23729,9
23730,21
23731,71
23732,116
23733,358
23734,943
23735,377
23736,63
23737,372
23738,99
23739,341
23740,6
23741,7
23742,388
23743,81
23744,183
23745,431
23746,892
23747,383
23748,68
23749,355
23750,104
23751,360
23752,86
23753,5
23754,17
23755,71
23756,175
23757,371
23758,864
23759,385
23760,70
23761,433
23762,107
23763,342
23764,5
23765,56
23766,14
23767,66
23768,208
23769,380
23770,883
23771,352
23772,70
23773,113
23774,435
23775,352
23776,5
23777,56
23778,12
23779,66
23780,255
23781,390
23782,884
23783,387
23784,66
23785,321
23786,111
23787,351
23788,87
23789,3
23790,6
23791,257
23792,253
23793,397
23794,908
23795,381
23796,67
23797,112
23798,340
23799,365
23800,78
23801,3
23802,10
23803,43
23804,348
23805,400
23806,900
23807,379
23808,66
23809,110
23810,332
23811,332
23812,6
23813,3
23814,68
23815,421
23816,262
23817,355
23818,903
23819,378
23820,66
23821,286
23822,115
23823,298
23824,5
23825,3
23826,425
23827,68
23828,240
23829,436
23830,864
23831,386
23832,66
23833,110
23834,360
23835,293
23836,87
23837,3
23838,10
23839,68
23840,258
23841,420
23842,840
23843,377
23844,66
23845,111
23846,291
23847,339
23848,4
23849,73
23850,5
23851,428
23852,257
23853,374
23854,889
23855,348
23856,66
23857,296
23858,156
23859,309
23860,83
23861,6
23862,10
23863,71
23864,268
23865,366
23866,882
23867,352
23868,66
23869,193
23870,360
23871,307
23872,82
23873,6
23874,10
23875,72
23876,249
23877,496
23878,881
23879,365
23880,66
23881,295
23882,342
23883,83
23884,59
23885,6
23886,73
23887,435
23888,268
23889,444
23890,883
23891,365
23892,70
23893,331
23894,311
23895,11
23896,58
23897,6
23898,435
23899,71
23900,10
23901,179
23902,103
23903,91
23904,53
23905,178
23906,10
23907,3
23908,6
23909,12
23910,9
23911,46
23912,10
23913,107
23914,183
23915,66
23916,181
23917,31
23918,10
23919,2
23920,6
23921,12
23922,9
23923,48
23924,17
23925,78
23926,174
23927,184
23928,194
23929,33
23930,16
23931,1
23932,29
23933,17
23934,223
23935,50
23936,17
23937,178
23938,54
23939,185
23940,194
23941,33
23942,2
23943,15
23944,57
23945,18
23946,9
23947,226
23948,17
23949,55
23950,190
23951,171
23952,194
23953,34
23954,41
23955,2
23956,36
23957,24
23958,9
23959,225
23960,18
23961,182
23962,77
23963,171
23964,199
23965,34
23966,2
23967,15
23968,8
23969,25
23970,9
23971,216
23972,18
23973,81
23974,181
23975,177
23976,202
23977,35
23978,16
23979,2
23980,8
23981,21
23982,48
23983,216
23984,19
23985,59
23986,190
23987,171
23988,198
23989,44
23990,16
23991,1
23992,8
23993,16
23994,218
23995,48
23996,19
23997,189
23998,62
23999,171
24000,196
24001,44
24002,16
24003,1
24004,14
24005,8
24006,48
24007,218
24008,21
24009,90
24010,194
24011,171
24012,193
24013,44
24014,3
24015,16
24016,3
24017,8
24018,47
24019,216
24020,25
24021,83
24022,190
24023,175
24024,183
24025,45
24026,4
24027,9
24028,9
24029,54
24030,180
24031,47
24032,1
24033,0
24034,1
24035,0
24036,0
24037,0
24038,6
24039,0
24040,1
24041,1
24042,3
24043,0
24044,0
24045,0
24046,0
24047,1
24048,1
24049,0
24050,1
24051,0
24052,0
24053,0
24054,0
24055,2
24056,0
24057,1
24058,1
24059,1
24060,0
24061,0
24062,0
24063,0
24064,0
24065,0
24066,0
24067,2
24068,1
24069,0
24070,0
24071,0
24072,0
24073,0
24074,1
24075,1
24076,0
24077,0
24078,0
24079,2
24080,1
24081,0
24082,1
24083,0
24084,0
24085,0
24086,0
24087,0
24088,0
24089,0
24090,0
24091,0
24092,0
24093,1
24094,0
24095,3
24096,0
24097,0
24098,1
24099,0
24100,0
24101,0
24102,0
24103,0
24104,0
24105,0
24106,0
24107,0
24108,0
24109,0
24110,0
24111,0
24112,0
24113,0
24114,0
24115,3
24116,0
24117,0
24118,1
24119,0
24120,0
24121,0
24122,0
24123,0
24124,0
24125,0
24126,0
24127,0
24128,0
24129,0
24130,0
24131,0
24132,1
24133,0
24134,0
24135,0
24136,0
24137,2
24138,0
24139,0
24140,0
24141,0
24142,3
24143,0
24144,2
24145,0
24146,0
24147,0
24148,0
24149,0
24150,0
24151,4
24152,0
24153,2
24154,0
24155,0
24156,2
24157,0
24158,0
24159,0
24160,0
24161,0
24162,0
24163,0
24164,0
24165,0
24166,2
24167,1
24168,0
24169,0
24170,0
24171,0
24172,0
24173,0
24174,0
24175,3
24176,0
24177,1
24178,0
24179,0
24180,4
24181,0
24182,0
24183,0
24184,0
24185,0
24186,0
24187,3
24188,7
24189,0
24190,0
24191,0
24192,0
24193,1
24194,0
24195,3
24196,0
24197,0
24198,0
24199,0
24200,0
24201,1
24202,7
24203,0
24204,0
24205,0
24206,0
24207,0
24208,0
24209,0
24210,0
24211,0
24212,0
24213,2
24214,5
24215,0
24216,0
24217,0
24218,0
24219,0
24220,0
24221,1
24222,1
24223,3
24224,1
24225,0
24226,0
24227,6
24228,0
24229,0
24230,0
24231,0
24232,0
24233,2
24234,0
24235,0
24236,4
24237,7
24238,0
24239,1
24240,0
24241,0
24242,2
24243,0
24244,0
24245,0
24246,0
24247,5
24248,2
24249,3
24250,9
24251,3
24252,0
24253,0
24254,1
24255,0
24256,0
24257,7
24258,0
24259,1
24260,11
24261,0
24262,5
24263,4
24264,4
24265,1
24266,0
24267,2
24268,3
24269,2
24270,0
24271,9
24272,0
24273,4
24274,11
24275,4
24276,0
24277,7
24278,1
24279,2
24280,0
24281,3
24282,0
24283,12
24284,1
24285,18
24286,4
24287,4
24288,6
24289,1
24290,1
24291,0
24292,3
24293,0
24294,17
24295,2
24296,3
24297,18
24298,4
24299,6
24300,4
24301,0
24302,2
24303,1
24304,3
24305,0
24306,2
24307,15
24308,3
24309,1
24310,16
24311,5
24312,4
24313,5
24314,2
24315,8
24316,0
24317,0
24318,2
24319,17
24320,3
24321,16
24322,5
24323,7
24324,5
24325,1
24326,2
24327,8
24328,1
24329,0
24330,1
24331,15
24332,3
24333,6
24334,14
24335,5
24336,5
24337,1
24338,2
24339,1
24340,4
24341,0
24342,1
24343,13
24344,6
24345,18
24346,5
24347,6
24348,1
24349,1
24350,3
24351,1
24352,6
24353,5
24354,0
24355,1
24356,3
24357,7
24358,14
24359,6
24360,1
24361,7
24362,1
24363,2
24364,4
24365,1
24366,2
24367,12
24368,49
24369,189
24370,83
24371,78
24372,16
24373,76
24374,74
24375,28
24376,16
24377,0
24378,1
24379,13
24380,53
24381,90
24382,187
24383,78
24384,56
24385,55
24386,25
24387,17
24388,0
24389,0
24390,73
24391,12
24392,54
24393,116
24394,78
24395,165
24396,55
24397,26
24398,16
24399,17
24400,7
24401,0
24402,13
24403,53
24404,51
24405,90
24406,193
24407,51
24408,37
24409,17
24410,76
24411,53
24412,0
24413,16
24414,1
24415,15
24416,51
24417,83
24418,195
24419,73
24420,76
24421,35
24422,17
24423,59
24424,1
24425,0
24426,14
24427,54
24428,51
24429,195
24430,88
24431,48
24432,31
24433,17
24434,68
24435,1
24436,24
24437,15
24438,1
24439,13
24440,54
24441,188
24442,89
24443,73
24444,16
24445,74
24446,43
24447,75
24448,26
24449,0
24450,1
24451,40
24452,177
24453,624
24454,973
24455,224
24456,68
24457,114
24458,145
24459,129
24460,57
24461,1
24462,1
24463,132
24464,177
24465,645
24466,818
24467,127
24468,65
24469,128
24470,126
24471,95
24472,32
24473,1
24474,5
24475,39
24476,186
24477,814
24478,618
24479,115
24480,78
24481,128
24482,115
24483,92
24484,33
24485,1
24486,1
24487,118
24488,197
24489,620
24490,977
24491,128
24492,126
24493,102
24494,127
24495,63
24496,31
24497,1
24498,1
24499,128
24500,194
24501,620
24502,975
24503,128
24504,74
24505,85
24506,125
24507,102
24508,33
24509,1
24510,6
24511,42
24512,250
24513,619
24514,974
24515,126
24516,126
24517,101
24518,72
24519,95
24520,33
24521,1
24522,5
24523,42
24524,255
24525,622
24526,977
24527,130
24528,135
24529,88
24530,137
24531,62
24532,17
24533,2
24534,1
24535,135
24536,241
24537,831
24538,638
24539,135
24540,63
24541,129
24542,130
24543,105
24544,32
24545,0
24546,1
24547,135
24548,231
24549,627
24550,614
24551,156
24552,83
24553,135
24554,71
24555,131
24556,31
24557,1
24558,5
24559,41
24560,188
24561,606
24562,970
24563,118
24564,115
24565,58
24566,46
24567,109
24568,93
24569,1
24570,1
24571,117
24572,191
24573,595
24574,964
24575,87
24576,139
24577,95
24578,67
24579,120
24580,17
24581,1
24582,1
24583,109
24584,189
24585,607
24586,963
24587,110
24588,116
24589,83
24590,104
24591,58
24592,28
24593,1
24594,4
24595,39
24596,178
24597,605
24598,964
24599,106
24600,115
24601,92
24602,66
24603,97
24604,21
24605,2
24606,2
24607,109
24608,177
24609,602
24610,828
24611,109
24612,93
24613,174
24614,130
24615,61
24616,25
24617,3
24618,2
24619,40
24620,177
24621,615
24622,986
24623,104
24624,104
24625,68
24626,132
24627,154
24628,24
24629,2
24630,3
24631,112
24632,169
24633,605
24634,994
24635,105
24636,102
24637,113
24638,124
24639,58
24640,23
24641,2
24642,2
24643,108
24644,176
24645,612
24646,587
24647,142
24648,130
24649,119
24650,154
24651,61
24652,25
24653,2
24654,2
24655,114
24656,180
24657,709
24658,1112
24659,100
24660,98
24661,162
24662,154
24663,27
24664,59
24665,1
24666,3
24667,39
24668,181
24669,717
24670,688
24671,94
24672,125
24673,158
24674,71
24675,139
24676,29
24677,2
24678,2
24679,108
24680,182
24681,716
24682,1112
24683,96
24684,103
24685,69
24686,158
24687,115
24688,27
24689,1
24690,2
24691,40
24692,185
24693,718
24694,1113
24695,105
24696,96
24697,157
24698,71
24699,145
24700,29
24701,2
24702,3
24703,108
24704,179
24705,630
24706,582
24707,129
24708,124
24709,113
24710,153
24711,28
24712,62
24713,38
24714,32
24715,112
24716,204
24717,302
24718,253
24719,102
24720,122
24721,80
24722,88
24723,32
24724,2
24725,39
24726,151
24727,221
24728,333
24729,127
24730,81
24731,133
24732,49
24733,82
24734,30
24735,1
24736,1
24737,36
24738,148
24739,220
24740,271
24741,128
24742,81
24743,61
24744,111
24745,90
24746,31
24747,0
24748,1
24749,36
24750,149
24751,224
24752,272
24753,55
24754,120
24755,116
24756,112
24757,90
24758,29
24759,0
24760,2
24761,37
24762,150
24763,215
24764,460
24765,90
24766,68
24767,113
24768,105
24769,97
24770,21
24771,1
24772,2
24773,37
24774,151
24775,212
24776,461
24777,86
24778,68
24779,114
24780,103
24781,86
24782,23
24783,0
24784,0
24785,111
24786,154
24787,203
24788,460
24789,117
24790,58
24791,116
24792,106
24793,90
24794,21
24795,0
24796,2
24797,37
24798,145
24799,201
24800,272
24801,46
24802,113
24803,82
24804,107
24805,91
24806,20
24807,0
24808,0
24809,113
24810,145
24811,211
24812,40
24813,505
24814,113
24815,96
24816,109
24817,86
24818,17
24819,1
24820,0
24821,111
24822,147
24823,271
24824,39
24825,351
24826,113
24827,91
24828,109
24829,86
24830,17
24831,1
24832,1
24833,113
24834,150
24835,266
24836,53
24837,271
24838,94
24839,106
24840,70
24841,87
24842,17
24843,1
24844,2
24845,36
24846,136
24847,271
24848,270
24849,52
24850,109
24851,108
24852,83
24853,87
24854,15
24855,1
24856,2
24857,36
24858,136
24859,269
24860,40
24861,354
24862,109
24863,81
24864,68
24865,86
24866,15
24867,1
24868,1
24869,109
24870,135
24871,271
24872,52
24873,277
24874,89
24875,73
24876,104
24877,91
24878,14
24879,2
24880,2
24881,35
24882,132
24883,265
24884,40
24885,534
24886,88
24887,73
24888,104
24889,87
24890,15
24891,1
24892,2
24893,36
24894,141
24895,256
24896,509
24897,77
24898,108
24899,39
24900,80
24901,89
24902,16
24903,1
24904,2
24905,36
24906,140
24907,249
24908,338
24909,79
24910,127
24911,67
24912,49
24913,79
24914,15
24915,1
24916,2
24917,35
24918,137
24919,257
24920,258
24921,106
24922,106
24923,39
24924,77
24925,78
24926,19
24927,1
24928,2
24929,36
24930,143
24931,257
24932,261
24933,106
24934,106
24935,78
24936,55
24937,78
24938,19
24939,1
24940,2
24941,35
24942,146
24943,258
24944,283
24945,107
24946,89
24947,67
24948,59
24949,78
24950,20
24951,1
24952,2
24953,36
24954,156
24955,260
24956,295
24957,110
24958,58
24959,67
24960,87
24961,78
24962,22
24963,1
24964,1
24965,106
24966,160
24967,260
24968,498
24969,93
24970,106
24971,49
24972,76
24973,84
24974,15
24975,2
24976,1
24977,106
24978,1298
24979,468
24980,959
24981,811
24982,209
24983,798
24984,379
24985,360
24986,287
24987,60
24988,72
24989,1804
24990,799
24991,906
24992,1665
24993,847
24994,814
24995,142
24996,383
24997,374
24998,291
24999,60
25000,61
25001,81
25002,187
25003,41
25004,379
25005,25
25006,83
25007,418
25008,116
25009,5
25010,20
25011,22
25012,405
25013,69
25014,46
25015,362
25016,385
25017,169
25018,36
25019,81
25020,72
25021,5
25022,22
25023,18
25024,407
25025,83
25026,359
25027,387
25028,49
25029,200
25030,38
25031,81
25032,74
25033,48
25034,61
25035,0
25036,406
25037,85
25038,465
25039,47
25040,388
25041,383
25042,200
25043,69
25044,59
25045,21
25046,4
25047,10
25048,408
25049,85
25050,54
25051,416
25052,195
25053,373
25054,366
25055,82
25056,74
25057,21
25058,45
25059,0
25060,88
25061,396
25062,391
25063,382
25064,428
25065,52
25066,219
25067,84
25068,70
25069,74
25070,0
25071,49
25072,42
25073,76
25074,394
25075,404
25076,398
25077,229
25078,68
25079,85
25080,84
25081,71
25082,12
25083,7
25084,21
25085,411
25086,392
25087,373
25088,381
25089,60
25090,234
25091,70
25092,70
25093,85
25094,13
25095,6
25096,22
25097,414
25098,408
25099,421
25100,396
25101,250
25102,55
25103,71
25104,81
25105,95
25106,12
25107,10
25108,43
25109,73
25110,430
25111,415
25112,393
25113,265
25114,68
25115,83
25116,83
25117,37
25118,15
25119,8
25120,43
25121,71
25122,409
25123,408
25124,418
25125,315
25126,71
25127,8
25128,15
25129,82
25130,115
25131,12
25132,84
25133,425
25134,390
25135,64
25136,374
25137,403
25138,407
25139,110
25140,11
25141,71
25142,12
25143,85
25144,43
25145,77
25146,398
25147,288
25148,429
25149,61
25150,399
25151,12
25152,81
25153,42
25154,15
25155,87
25156,43
25157,82
25158,382
25159,427
25160,32
25161,266
25162,382
25163,11
25164,111
25165,15
25166,85
25167,21
25168,401
25169,69
25170,396
25171,91
25172,306
25173,442
25174,389
25175,63
25176,188
25177,80
25178,24
25179,964
25180,1714
25181,350
25182,1778
25183,2078
25184,1306
25185,154
25186,1550
25187,673
25188,300
25189,124
25190,59
25191,963
25192,1540
25193,344
25194,381
25195,817
25196,1161
25197,1040
25198,1442
25199,131
25200,295
25201,107
25202,62
25203,852
25204,1505
25205,327
25206,1784
25207,193
25208,1180
25209,1037
25210,1261
25211,128
25212,296
25213,107
25214,63
25215,830
25216,1374
25217,330
25218,378
25219,704
25220,759
25221,2316
25222,1108
25223,401
25224,426
25225,91
25226,62
25227,797
25228,1367
25229,326
25230,362
25231,789
25232,768
25233,2340
25234,1111
25235,111
25236,299
25237,108
25238,62
25239,797
25240,870
25241,321
25242,1807
25243,205
25244,1010
25245,1365
25246,1277
25247,101
25248,249
25249,108
25250,62
25251,797
25252,895
25253,279
25254,351
25255,779
25256,783
25257,2340
25258,1295
25259,257
25260,109
25261,108
25262,58
25263,797
25264,269
25265,910
25266,201
25267,1804
25268,1011
25269,1447
25270,1526
25271,118
25272,424
25273,66
25274,57
25275,798
25276,885
25277,276
25278,736
25279,385
25280,803
25281,2340
25282,1295
25283,120
25284,267
25285,108
25286,47
25287,797
25288,276
25289,862
25290,220
25291,2340
25292,789
25293,1568
25294,1135
25295,280
25296,133
25297,108
25298,37
25299,795
25300,284
25301,1293
25302,885
25303,1011
25304,575
25305,1528
25306,958
25307,127
25308,346
25309,108
25310,29
25311,792
25312,53
25313,48
25314,22
25315,28
25316,16
25317,22
25318,53
25319,23
25320,8
25321,9
25322,8
25323,7
25324,51
25325,61
25326,21
25327,6
25328,27
25329,16
25330,25
25331,12
25332,21
25333,10
25334,5
25335,17
25336,7
25337,52
25338,53
25339,56
25340,20
25341,25
25342,25
25343,12
25344,12
25345,2
25346,11
25347,14
25348,6
25349,55
25350,22
25351,33
25352,67
25353,14
25354,27
25355,27
25356,10
25357,2
25358,10
25359,67
25360,65
25361,59
25362,22
25363,25
25364,6
25365,16
25366,27
25367,12
25368,24
25369,9
25370,15
25371,19
25372,55
25373,23
25374,54
25375,26
25376,15
25377,6
25378,26
25379,15
25380,20
25381,8
25382,2
25383,65
25384,52
25385,23
25386,46
25387,36
25388,14
25389,26
25390,14
25391,23
25392,12
25393,1
25394,11
25395,6
25396,9
25397,56
25398,62
25399,20
25400,56
25401,14
25402,24
25403,15
25404,19
25405,1
25406,3
25407,14
25408,107
25409,57
25410,21
25411,26
25412,16
25413,10
25414,26
25415,12
25416,27
25417,2
25418,8
25419,83
25420,25
25421,54
25422,136
25423,11
25424,55
25425,24
25426,14
25427,25
25428,12
25429,3
25430,1
25431,14
25432,6
25433,48
25434,22
25435,76
25436,54
25437,14
25438,14
25439,24
25440,12
25441,1
25442,11
25443,14
25444,7
25445,45
25446,22
25447,104
25448,54
25449,14
25450,14
25451,15
25452,8
25453,22
25454,1
25455,62
25456,9
25457,45
25458,22
25459,116
25460,55
25461,15
25462,12
25463,15
25464,27
25465,15
25466,1
25467,14
25468,10
25469,146
25470,34
25471,20
25472,54
25473,15
25474,15
25475,9
25476,26
25477,1
25478,10
25479,53
25480,24
25481,46
25482,133
25483,28
25484,12
25485,10
25486,15
25487,26
25488,15
25489,8
25490,1
25491,52
25492,10
25493,129
25494,37
25495,26
25496,14
25497,54
25498,16
25499,15
25500,7
25501,10
25502,6
25503,26
25504,2
25505,38
25506,16
25507,18
25508,22
25509,7
25510,4
25511,3
25512,0
25513,5
25514,6
25515,24
25516,18
25517,38
25518,18
25519,2
25520,35
25521,6
25522,8
25523,0
25524,3
25525,6
25526,4
25527,24
25528,3
25529,16
25530,19
25531,31
25532,39
25533,7
25534,0
25535,3
25536,2
25537,4
25538,19
25539,6
25540,20
25541,2
25542,17
25543,45
25544,43
25545,1
25546,5
25547,2
25548,3
25549,8
25550,5
25551,17
25552,2
25553,19
25554,37
25555,18
25556,30
25557,1
25558,7
25559,2
25560,3
25561,5
25562,5
25563,19
25564,40
25565,16
25566,2
25567,20
25568,26
25569,6
25570,7
25571,2
25572,2
25573,20
25574,5
25575,2
25576,2
25577,22
25578,54
25579,16
25580,24
25581,7
25582,1
25583,2
25584,2
25585,7
25586,6
25587,16
25588,51
25589,16
25590,23
25591,2
25592,26
25593,7
25594,10
25595,3
25596,0
25597,6
25598,17
25599,7
25600,27
25601,25
25602,48
25603,2
25604,18
25605,6
25606,7
25607,2
25608,3
25609,19
25610,6
25611,2
25612,24
25613,2
25614,53
25615,20
25616,22
25617,7
25618,7
25619,1
25620,2
25621,7
25622,18
25623,2
25624,2
25625,53
25626,16
25627,25
25628,22
25629,7
25630,7
25631,1
25632,2
25633,7
25634,2
25635,18
25636,238
25637,749
25638,2323
25639,1677
25640,991
25641,74
25642,328
25643,22
25644,72
25645,1301
25646,1953
25647,813
25648,155
25649,2328
25650,1761
25651,983
25652,1722
25653,73
25654,328
25655,22
25656,114
25657,1013
25658,1918
25659,809
25660,153
25661,1787
25662,2793
25663,1921
25664,999
25665,312
25666,71
25667,87
25668,114
25669,848
25670,835
25671,1762
25672,150
25673,2385
25674,1445
25675,1746
25676,999
25677,78
25678,331
25679,90
25680,106
25681,902
25682,1928
25683,804
25684,272
25685,923
25686,2391
25687,1003
25688,1747
25689,346
25690,102
25691,62
25692,90
25693,1189
25694,831
25695,1747
25696,150
25697,1855
25698,1921
25699,2823
25700,1002
25701,368
25702,118
25703,68
25704,110
25705,1024
25706,1747
25707,831
25708,158
25709,1952
25710,1921
25711,1036
25712,1840
25713,359
25714,117
25715,87
25716,110
25717,934
25718,798
25719,1910
25720,7
25721,34
25722,4
25723,70
25724,11
25725,88
25726,72
25727,7
25728,3
25729,27
25730,112
25731,28
25732,6
25733,55
25734,33
25735,3
25736,71
25737,96
25738,11
25739,6
25740,2
25741,24
25742,24
25743,116
25744,73
25745,6
25746,71
25747,33
25748,3
25749,11
25750,80
25751,2
25752,8
25753,24
25754,117
25755,25
25756,3
25757,6
25758,79
25759,87
25760,23
25761,103
25762,19
25763,8
25764,5
25765,13
25766,111
25767,22
25768,8
25769,4
25770,34
25771,68
25772,107
25773,10
25774,2
25775,14
25776,3
25777,7
25778,71
25779,11
25780,31
25781,33
25782,39
25783,1
25784,7
25785,2
25786,17
25787,0
25788,6
25789,6
25790,74
25791,11
25792,1
25793,31
25794,19
25795,34
25796,2
25797,37
25798,9
25799,0
25800,7
25801,6
25802,73
25803,12
25804,0
25805,15
25806,38
25807,37
25808,38
25809,3
25810,7
25811,0
25812,7
25813,8
25814,59
25815,10
25816,39
25817,20
25818,53
25819,1
25820,36
25821,7
25822,3
25823,7
25824,0
25825,6
25826,72
25827,18
25828,20
25829,48
25830,40
25831,37
25832,1
25833,1
25834,2
25835,7
25836,7
25837,9
25838,75
25839,17
25840,38
25841,55
25842,42
25843,19
25844,7
25845,2
25846,6
25847,4
25848,0
25849,13
25850,64
25851,41
25852,40
25853,39
25854,54
25855,1
25856,19
25857,2
25858,8
25859,4
25860,7
25861,7
25862,74
25863,17
25864,44
25865,37
25866,51
25867,20
25868,3
25869,9
25870,7
25871,1
25872,4
25873,11
25874,72
25875,15
25876,37
25877,55
25878,42
25879,1
25880,20
25881,8
25882,7
25883,7
25884,4
25885,64
25886,17
25887,1
25888,36
25889,63
25890,73
25891,2
25892,18
25893,10
25894,7
25895,4
25896,7
25897,72
25898,20
25899,1
25900,37
25901,54
25902,74
25903,18
25904,12
25905,7
25906,3
25907,4
25908,0
25909,9
25910,64
25911,15
25912,38
25913,72
25914,57
25915,4
25916,11
25917,18
25918,0
25919,7
25920,7
25921,3
25922,74
25923,12
25924,35
25925,73
25926,56
25927,4
25928,20
25929,7
25930,1
25931,7
25932,10
25933,3
25934,73
25935,17
25936,40
25937,64
25938,65
25939,20
25940,5
25941,13
25942,7
25943,4
25944,10
25945,0
25946,77
25947,14
25948,39
25949,61
25950,71
25951,5
25952,21
25953,12
25954,6
25955,6
25956,2
25957,3
25958,74
25959,13
25960,46
25961,62
25962,20
25963,66
25964,4
25965,12
25966,5
25967,0
25968,2
25969,8
25970,65
25971,13
25972,89
25973,53
25974,62
25975,15
25976,21
25977,6
25978,7
25979,0
25980,3
25981,13
25982,11
25983,65
25984,91
25985,6
25986,48
25987,70
25988,22
25989,5
25990,8
25991,2
25992,17
25993,3
25994,14
25995,1
25996,55
25997,93
25998,6
25999,71
26000,23
26001,15
26002,5
26003,13
26004,5
26005,4
26006,66
26007,1
26008,92
26009,66
26010,61
26011,26
26012,13
26013,1
26014,3
26015,12
26016,12
26017,81
26018,15
26019,1
26020,94
26021,90
26022,54
26023,12
26024,7
26025,7
26026,10
26027,5
26028,10
26029,83
26030,5
26031,1
26032,65
26033,56
26034,90
26035,11
26036,6
26037,30
26038,10
26039,5
26040,4
26041,11
26042,1
26043,65
26044,86
26045,68
26046,14
26047,64
26048,8
26049,9
26050,7
26051,5
26052,81
26053,10
26054,1
26055,6
26056,88
26057,87
26058,11
26059,30
26060,77
26061,11
26062,0
26063,5
26064,12
26065,65
26066,10
26067,5
26068,93
26069,234
26070,406
26071,281
26072,38
26073,137
26074,238
26075,18
26076,18
26077,101
26078,276
26079,79
26080,92
26081,262
26082,407
26083,294
26084,50
26085,164
26086,248
26087,18
26088,13
26089,194
26090,279
26091,81
26092,96
26093,404
26094,258
26095,295
26096,50
26097,17
26098,37
26099,142
26100,69
26101,111
26102,279
26103,82
26104,101
26105,404
26106,259
26107,287
26108,52
26109,18
26110,155
26111,18
26112,68
26113,76
26114,273
26115,88
26116,90
26117,410
26118,258
26119,288
26120,13
26121,241
26122,134
26123,138
26124,11
26125,78
26126,300
26127,132
26128,80
26129,406
26130,356
26131,280
26132,13
26133,248
26134,27
26135,114
26136,77
26137,78
26138,309
26139,131
26140,78
26141,404
26142,334
26143,263
26144,32
26145,249
26146,28
26147,134
26148,11
26149,156
26150,413
26151,213
26152,109
26153,371
26154,518
26155,326
26156,115
26157,336
26158,244
26159,15
26160,10
26161,156
26162,408
26163,207
26164,108
26165,333
26166,433
26167,339
26168,339
26169,168
26170,227
26171,15
26172,10
26173,125
26174,363
26175,161
26176,108
26177,332
26178,505
26179,337
26180,353
26181,109
26182,48
26183,180
26184,10
26185,125
26186,360
26187,205
26188,337
26189,109
26190,433
26191,352
26192,335
26193,111
26194,227
26195,15
26196,10
26197,125
26198,403
26199,167
26200,337
26201,110
26202,452
26203,332
26204,338
26205,85
26206,227
26207,167
26208,10
26209,125
26210,347
26211,207
26212,336
26213,454
26214,116
26215,341
26216,338
26217,120
26218,48
26219,15
26220,159
26221,128
26222,409
26223,158
26224,338
26225,592
26226,110
26227,341
26228,338
26229,177
26230,48
26231,175
26232,10
26233,126
26234,343
26235,137
26236,327
26237,592
26238,109
26239,335
26240,348
26241,9
26242,224
26243,15
26244,159
26245,158
26246,295
26247,132
26248,109
26249,331
26250,591
26251,329
26252,356
26253,9
26254,224
26255,175
26256,10
26257,159
26258,258
26259,140
26260,104
26261,339
26262,547
26263,350
26264,404
26265,93
26266,223
26267,15
26268,10
26269,204
26270,293
26271,140
26272,192
26273,558
26274,330
26275,341
26276,374
26277,174
26278,223
26279,15
26280,10
26281,167
26282,265
26283,107
26284,183
26285,566
26286,338
26287,354
26288,373
26289,106
26290,48
26291,15
26292,160
26293,165
26294,237
26295,153
26296,228
26297,514
26298,429
26299,444
26300,533
26301,113
26302,48
26303,166
26304,12
26305,170
26306,269
26307,149
26308,235
26309,524
26310,408
26311,437
26312,524
26313,174
26314,221
26315,15
26316,12
26317,144
26318,273
26319,115
26320,195
26321,485
26322,459
26323,459
26324,616
26325,110
26326,48
26327,175
26328,11
26329,134
26330,275
26331,174
26332,191
26333,525
26334,455
26335,451
26336,533
26337,104
26338,239
26339,15
26340,13
26341,172
26342,532
26343,169
26344,225
26345,433
26346,450
26347,436
26348,478
26349,99
26350,191
26351,15
26352,13
26353,163
26354,279
26355,85
26356,115
26357,505
26358,455
26359,611
26360,489
26361,173
26362,17
26363,15
26364,132
26365,134
26366,540
26367,159
26368,235
26369,434
26370,461
26371,561
26372,489
26373,175
26374,178
26375,15
26376,19
26377,79
26378,530
26379,160
26380,117
26381,500
26382,454
26383,616
26384,529
26385,180
26386,17
26387,166
26388,18
26389,90
26390,504
26391,85
26392,199
26393,480
26394,450
26395,593
26396,541
26397,188
26398,18
26399,19
26400,156
26401,170
26402,519
26403,159
26404,204
26405,17
26406,17
26407,209
26408,15
26409,99
26410,8
26411,4
26412,3
26413,1
26414,56
26415,1
26416,3
26417,245
26418,120
26419,18
26420,19
26421,15
26422,4
26423,3
26424,14
26425,1
26426,57
26427,2
26428,2
26429,84
26430,413
26431,251
26432,19
26433,16
26434,19
26435,10
26436,3
26437,15
26438,89
26439,21
26440,213
26441,57
26442,53
26443,574
26444,988
26445,33
26446,49
26447,0
26448,15
26449,19
26450,90
26451,21
26452,997
26453,450
26454,667
26455,60
26456,43
26457,29
26458,0
26459,53
26460,14
26461,19
26462,112
26463,21
26464,18
26465,83
26466,54
26467,18
26468,991
26469,32
26470,502
26471,24
26472,1
26473,36
26474,15
26475,115
26476,689
26477,1073
26478,3333
26479,1223
26480,1787
26481,611
26482,45
26483,957
26484,10
26485,1195
26486,1536
26487,271
26488,755
26489,1079
26490,3437
26491,1262
26492,1855
26493,609
26494,1137
26495,185
26496,17
26497,1199
26498,264
26499,1571
26500,846
26501,1070
26502,3478
26503,1824
26504,1134
26505,1766
26506,612
26507,185
26508,18
26509,375
26510,1560
26511,1150
26512,820
26513,3495
26514,790
26515,2172
26516,1182
26517,617
26518,700
26519,184
26520,8
26521,1207
26522,1512
26523,253
26524,880
26525,1325
26526,1814
26527,1998
26528,1801
26529,617
26530,243
26531,631
26532,9
26533,1216
26534,253
26535,1505
26536,898
26537,1257
26538,1892
26539,1989
26540,1661
26541,674
26542,612
26543,155
26544,10
26545,282
26546,1043
26547,1172
26548,1748
26549,855
26550,1438
26551,2110
26552,1045
26553,619
26554,1569
26555,43
26556,11
26557,274
26558,1558
26559,242
26560,1762
26561,851
26562,1429
26563,2110
26564,1061
26565,616
26566,932
26567,43
26568,11
26569,1156
26570,1483
26571,248
26572,3678
26573,854
26574,916
26575,1543
26576,1948
26577,619
26578,936
26579,47
26580,26
26581,1170
26582,1485
26583,216
26584,1493
26585,1255
26586,1410
26587,1504
26588,1948
26589,619
26590,931
26591,43
26592,26
26593,1161
26594,1484
26595,248
26596,745
26597,1682
26598,1347
26599,2065
26600,1041
26601,612
26602,892
26603,168
26604,14
26605,244
26606,1023
26607,1173
26608,1180
26609,1232
26610,1322
26611,2043
26612,1039
26613,661
26614,562
26615,14
26616,145
26617,1187
26618,1494
26619,237
26620,1229
26621,639
26622,3656
26623,1488
26624,1237
26625,1516
26626,519
26627,466
26628,13
26629,1190
26630,234
26631,1038
26632,1238
26633,1254
26634,1275
26635,1855
26636,1493
26637,694
26638,810
26639,45
26640,13
26641,1176
26642,235
26643,1052
26644,1236
26645,3727
26646,656
26647,1953
26648,1056
26649,696
26650,46
26651,540
26652,13
26653,1174
26654,1518
26655,238
26656,1251
26657,3740
26658,658
26659,1853
26660,1493
26661,548
26662,694
26663,12
26664,162
26665,1176
26666,1519
26667,207
26668,1183
26669,1254
26670,1271
26671,1852
26672,1031
26673,1545
26674,168
26675,212
26676,11
26677,1173
26678,1498
26679,127
26680,1100
26681,1826
26682,1295
26683,1940
26684,1012
26685,217
26686,565
26687,8
26688,152
26689,59
26690,58
26691,337
26692,375
26693,811
26694,174
26695,721
26696,15
26697,140
26698,5
26699,73
26700,126
26701,68
26702,68
26703,371
26704,804
26705,359
26706,176
26707,729
26708,371
26709,140
26710,6
26711,105
26712,63
26713,58
26714,319
26715,59
26716,812
26717,371
26718,196
26719,114
26720,391
26721,137
26722,64
26723,105
26724,61
26725,69
26726,58
26727,350
26728,810
26729,340
26730,713
26731,218
26732,371
26733,89
26734,122
26735,73
26736,6
26737,69
26738,368
26739,60
26740,826
26741,340
26742,259
26743,695
26744,421
26745,89
26746,121
26747,73
26748,7
26749,80
26750,346
26751,58
26752,810
26753,14
26754,315
26755,113
26756,420
26757,136
26758,73
26759,121
26760,62
26761,60
26762,68
26763,343
26764,836
26765,402
26766,701
26767,321
26768,24
26769,138
26770,133
26771,14
26772,63
26773,61
26774,365
26775,58
26776,839
26777,346
26778,226
26779,720
26780,417
26781,89
26782,134
26783,17
26784,63
26785,69
26786,58
26787,341
26788,840
26789,369
26790,713
26791,225
26792,418
26793,150
26794,80
26795,19
26796,69
26797,63
26798,343
26799,58
26800,844
26801,339
26802,717
26803,225
26804,421
26805,148
26806,19
26807,137
26808,5
26809,69
26810,428
26811,70
26812,865
26813,746
26814,337
26815,325
26816,416
26817,147
26818,46
26819,87
26820,19
26821,1206
26822,689
26823,190
26824,1960
26825,563
26826,2068
26827,971
26828,910
26829,527
26830,1712
26831,13
26832,51
26833,1193
26834,705
26835,162
26836,3758
26837,604
26838,2165
26839,1332
26840,1558
26841,964
26842,563
26843,14
26844,20
26845,1193
26846,185
26847,1300
26848,1388
26849,6462
26850,5952
26851,5959
26852,5931
26853,2336
26854,2336
26855,456
26856,2238
26857,2510
26858,6267
26859,2351
26860,1959
26861,6252
26862,5892
26863,5951
26864,5923
26865,2331
26866,2880
26867,454
26868,2215
26869,2517
26870,6341
26871,2345
26872,1997
26873,6135
26874,5957
26875,5951
26876,5925
26877,2324
26878,2324
26879,456
26880,2211
26881,2212
26882,6337
26883,2494
26884,2111
26885,5953
26886,5749
26887,5744
26888,5749
26889,2849
26890,2310
26891,455
26892,2198
26893,2201
26894,6287
26895,2328
26896,2065
26897,5415
26898,5373
26899,5372
26900,5373
26901,2846
26902,2295
26903,451
26904,2214
26905,2221
26906,5662
26907,2298
26908,2047
26909,6396
26910,5373
26911,5372
26912,5373
26913,2847
26914,2295
26915,451
26916,2219
26917,2225
26918,5732
26919,2557
26920,1510
26921,5858
26922,5373
26923,5341
26924,5373
26925,2639
26926,2295
26927,456
26928,2219
26929,2230
26930,5373
26931,2669
26932,2064
26933,5713
26934,5306
26935,5274
26936,5306
26937,2639
26938,2229
26939,452
26940,2143
26941,2148
26942,5274
26943,2132
26944,2071
26945,5516
26946,5246
26947,5214
26948,5246
26949,2639
26950,2204
26951,451
26952,2117
26953,2645
26954,5246
26955,2082
26956,2086
26957,5248
26958,5375
26959,5248
26960,5248
26961,2639
26962,776
26963,2214
26964,2115
26965,2645
26966,5248
26967,2119
26968,2076
26969,5248
26970,5264
26971,5216
26972,5248
26973,2115
26974,1967
26975,2214
26976,2119
26977,2150
26978,5248
26979,2639
26980,2090
26981,5316
26982,5266
26983,5298
26984,5298
26985,2109
26986,2856
26987,2114
26988,452
26989,2141
26990,5298
26991,2639
26992,2251
26993,5339
26994,5321
26995,5310
26996,5310
26997,2109
26998,760
26999,2211
27000,2114
27001,2633
27002,5321
27003,2631
27004,1359
27005,5343
27006,5357
27007,5332
27008,5343
27009,2631
27010,858
27011,2211
27012,2107
27013,2079
27014,5332
27015,2631
27016,1445
27017,5311
27018,5311
27019,5322
27020,5311
27021,2102
27022,2106
27023,2205
27024,758
27025,2625
27026,5311
27027,2625
27028,1450
27029,5311
27030,5322
27031,5311
27032,5311
27033,2666
27034,2808
27035,2095
27036,757
27037,2666
27038,5311
27039,2666
27040,1580
27041,5324
27042,5336
27043,5324
27044,5324
27045,2083
27046,2803
27047,2091
27048,525
27049,2091
27050,5324
27051,2091
27052,2281
27053,5214
27054,5317
27055,5214
27056,5214
27057,2678
27058,2187
27059,2091
27060,526
27061,2678
27062,5214
27063,2678
27064,1686
27065,5214
27066,5317
27067,5214
27068,5214
27069,2076
27070,2793
27071,2084
27072,578
27073,2084
27074,5214
27075,2084
27076,2605
27077,5216
27078,5317
27079,5216
27080,5216
27081,2110
27082,2800
27083,2117
27084,694
27085,2117
27086,5216
27087,2117
27088,3378
27089,5236
27090,5307
27091,5236
27092,5236
27093,2164
27094,2808
27095,2172
27096,704
27097,2172
27098,5236
27099,2172
27100,3530
27101,5236
27102,5307
27103,5236
27104,5236
27105,2184
27106,2808
27107,2192
27108,708
27109,2708
27110,5236
27111,2708
27112,1891
27113,5236
27114,5307
27115,5236
27116,5236
27117,2163
27118,2803
27119,2171
27120,708
27121,2171
27122,5236
27123,2703
27124,1891
27125,5236
27126,5307
27127,5236
27128,5236
27129,2163
27130,2803
27131,2171
27132,615
27133,2171
27134,5236
27135,2703
27136,3655
27137,5236
27138,5307
27139,5236
27140,5236
27141,2184
27142,2808
27143,2192
27144,2192
27145,2067
27146,5236
27147,2192
27148,3714
27149,5236
27150,5307
27151,5236
27152,5236
27153,2171
27154,2803
27155,2171
27156,2171
27157,2064
27158,5236
27159,2171
27160,3744
27161,5236
27162,5236
27163,5236
27164,5236
27165,2703
27166,2163
27167,2171
27168,2171
27169,1490
27170,5236
27171,2171
27172,1928
27173,5236
27174,5236
27175,5236
27176,5236
27177,2171
27178,2163
27179,2171
27180,2171
27181,1490
27182,5236
27183,2171
27184,1954
27185,5236
27186,5236
27187,5236
27188,5236
27189,2171
27190,2163
27191,2171
27192,2171
27193,1490
27194,5236
27195,2171
27196,1985
27197,5236
27198,5236
27199,5236
27200,5236
27201,2171
27202,2163
27203,2171
27204,2171
27205,1490
27206,5236
27207,2171
27208,1879
27209,5236
27210,5236
27211,5236
27212,5236
27213,2171
27214,2163
27215,2171
27216,2171
27217,1490
27218,5236
27219,2171
27220,35
27221,212
27222,240
27223,163
27224,82
27225,107
27226,17
27227,52
27228,1
27229,71
27230,30
27231,130
27232,35
27233,211
27234,251
27235,160
27236,83
27237,102
27238,17
27239,1
27240,47
27241,87
27242,130
27243,31
27244,34
27245,196
27246,240
27247,16
27248,81
27249,169
27250,73
27251,47
27252,48
27253,34
27254,29
27255,128
27256,38
27257,195
27258,249
27259,175
27260,71
27261,14
27262,64
27263,46
27264,46
27265,32
27266,127
27267,27
27268,38
27269,195
27270,169
27271,176
27272,111
27273,69
27274,15
27275,46
27276,1
27277,80
27278,128
27279,26
27280,41
27281,195
27282,227
27283,69
27284,178
27285,23
27286,59
27287,45
27288,40
27289,32
27290,26
27291,128
27292,43
27293,186
27294,221
27295,138
27296,112
27297,20
27298,38
27299,33
27300,24
27301,23
27302,86
27303,16
27304,43
27305,188
27306,180
27307,225
27308,68
27309,21
27310,38
27311,33
27312,1
27313,40
27314,87
27315,15
27316,43
27317,188
27318,101
27319,222
27320,69
27321,21
27322,37
27323,32
27324,1
27325,22
27326,14
27327,87
27328,42
27329,185
27330,220
27331,69
27332,121
27333,22
27334,37
27335,34
27336,0
27337,23
27338,88
27339,14
27340,41
27341,182
27342,105
27343,240
27344,70
27345,38
27346,19
27347,0
27348,34
27349,23
27350,15
27351,87
27352,41
27353,183
27354,240
27355,104
27356,70
27357,22
27358,49
27359,31
27360,0
27361,23
27362,85
27363,16
27364,42
27365,183
27366,240
27367,107
27368,70
27369,38
27370,49
27371,16
27372,0
27373,22
27374,15
27375,87
27376,42
27377,182
27378,234
27379,108
27380,70
27381,22
27382,48
27383,32
27384,0
27385,22
27386,15
27387,87
27388,41
27389,186
27390,222
27391,86
27392,69
27393,50
27394,37
27395,16
27396,0
27397,19
27398,88
27399,15
27400,42
27401,185
27402,216
27403,112
27404,50
27405,43
27406,21
27407,43
27408,0
27409,25
27410,17
27411,93
27412,44
27413,184
27414,223
27415,113
27416,53
27417,52
27418,41
27419,17
27420,0
27421,22
27422,17
27423,98
27424,45
27425,186
27426,223
27427,113
27428,50
27429,23
27430,39
27431,43
27432,0
27433,26
27434,93
27435,17
27436,52
27437,187
27438,110
27439,232
27440,50
27441,23
27442,51
27443,33
27444,0
27445,23
27446,15
27447,88
27448,52
27449,189
27450,109
27451,230
27452,49
27453,40
27454,48
27455,17
27456,0
27457,19
27458,87
27459,15
27460,52
27461,183
27462,236
27463,108
27464,51
27465,39
27466,50
27467,17
27468,0
27469,22
27470,86
27471,15
27472,55
27473,180
27474,241
27475,105
27476,46
27477,38
27478,21
27479,41
27480,0
27481,22
27482,81
27483,14
27484,55
27485,178
27486,104
27487,233
27488,46
27489,25
27490,36
27491,41
27492,0
27493,21
27494,14
27495,80
27496,61
27497,180
27498,103
27499,78
27500,69
27501,39
27502,25
27503,1
27504,1
27505,20
27506,14
27507,78
27508,60
27509,182
27510,135
27511,77
27512,38
27513,30
27514,18
27515,21
27516,0
27517,16
27518,78
27519,12
27520,60
27521,178
27522,75
27523,130
27524,42
27525,26
27526,19
27527,20
27528,0
27529,5
27530,3
27531,7
27532,4
27533,27
27534,11
27535,11
27536,8
27537,8
27538,7
27539,0
27540,0
27541,4
27542,13
27543,3
27544,4
27545,9
27546,11
27547,21
27548,8
27549,2
27550,9
27551,0
27552,0
27553,5
27554,13
27555,3
27556,106
27557,42
27558,112
27559,9
27560,3
27561,188
27562,10
27563,2
27564,5
27565,16
27566,198
27567,45
27568,105
27569,41
27570,112
27571,9
27572,3
27573,199
27574,10
27575,5
27576,3
27577,16
27578,198
27579,43
27580,110
27581,7
27582,51
27583,153
27584,3
27585,200
27586,8
27587,5
27588,3
27589,21
27590,189
27591,48
27592,112
27593,11
27594,121
27595,32
27596,3
27597,200
27598,8
27599,5
27600,3
27601,21
27602,187
27603,48
27604,119
27605,41
27606,153
27607,3
27608,189
27609,6
27610,3
27611,39
27612,3
27613,20
27614,212
27615,45
27616,144
27617,45
27618,154
27619,9
27620,182
27621,3
27622,9
27623,3
27624,5
27625,45
27626,201
27627,51
27628,171
27629,73
27630,124
27631,6
27632,191
27633,4
27634,9
27635,3
27636,5
27637,28
27638,211
27639,46
27640,183
27641,74
27642,125
27643,6
27644,180
27645,3
27646,53
27647,4
27648,3
27649,25
27650,231
27651,54
27652,175
27653,44
27654,145
27655,6
27656,179
27657,43
27658,0
27659,36
27660,3
27661,45
27662,237
27663,56
27664,169
27665,148
27666,72
27667,184
27668,7
27669,5
27670,2
27671,22
27672,4
27673,44
27674,240
27675,52
27676,176
27677,164
27678,42
27679,197
27680,9
27681,3
27682,5
27683,23
27684,2
27685,43
27686,242
27687,56
27688,168
27689,199
27690,72
27691,184
27692,10
27693,1
27694,5
27695,36
27696,9
27697,42
27698,257
27699,52
27700,178
27701,205
27702,6
27703,50
27704,182
27705,4
27706,36
27707,4
27708,5
27709,11
27710,242
27711,52
27712,179
27713,205
27714,40
27715,5
27716,201
27717,4
27718,26
27719,4
27720,2
27721,23
27722,234
27723,52
27724,180
27725,199
27726,72
27727,188
27728,9
27729,5
27730,4
27731,31
27732,5
27733,10
27734,225
27735,52
27736,187
27737,45
27738,189
27739,9
27740,216
27741,49
27742,5
27743,42
27744,0
27745,10
27746,211
27747,51
27748,184
27749,191
27750,94
27751,236
27752,52
27753,40
27754,2
27755,3
27756,7
27757,11
27758,187
27759,43
27760,234
27761,198
27762,100
27763,233
27764,51
27765,1
27766,57
27767,8
27768,205
27769,3
27770,13
27771,42
27772,228
27773,195
27774,251
27775,53
27776,54
27777,50
27778,10
27779,9
27780,7
27781,15
27782,2
27783,42
27784,230
27785,73
27786,200
27787,51
27788,243
27789,10
27790,71
27791,9
27792,8
27793,417
27794,19
27795,172
27796,1411
27797,535
27798,228
27799,597
27800,278
27801,63
27802,156
27803,10
27804,7
27805,1234
27806,167
27807,179
27808,1466
27809,546
27810,202
27811,228
27812,616
27813,66
27814,159
27815,10
27816,7
27817,1248
27818,170
27819,661
